"Mol Reg No","Molecule Pref Name","Similarity","Row ID","Assay ID","Mol Reg No","Std Relation","Std Value","Std Units","Std Type","pChEMBL Value","Component ID","Protein Desc","Smiles","Protein Accession","Component ID (2)","MolRegNo"
"1763","BETULINIC ACID","0.8095238208770752","972","857753","1763","=","2000","nM","IC50","6","4490","Aldo-keto reductase family 1 member B10","C=C(C)C1CCC2(C(=O)O)CCC3(C)C(CCC4C5(C)CCC(O)C(C)(C)C5CCC43C)C12","O60218","4490","1763"
"1763","BETULINIC ACID","0.8095238208770752","968","737537","1763","=","9240","nM","IC50","5","4933","SUMO-activating enzyme subunit 1","C=C(C)C1CCC2(C(=O)O)CCC3(C)C(CCC4C5(C)CCC(O)C(C)(C)C5CCC43C)C12","Q9UBE0","4933","1763"
"1763","BETULINIC ACID","0.8095238208770752","97","737034","1763","=","13160","nM","IC50","5","4933","SUMO-activating enzyme subunit 1","C=C(C)C1CCC2(C(=O)O)CCC3(C)C(CCC4C5(C)CCC(O)C(C)(C)C5CCC43C)C12","Q9UBE0","4933","1763"
"1763","BETULINIC ACID","0.8095238208770752","967","737537","1763","=","9240","nM","IC50","5","4934","SUMO-activating enzyme subunit 2","C=C(C)C1CCC2(C(=O)O)CCC3(C)C(CCC4C5(C)CCC(O)C(C)(C)C5CCC43C)C12","Q9UBT2","4934","1763"
"1763","BETULINIC ACID","0.8095238208770752","969","737034","1763","=","13160","nM","IC50","5","4934","SUMO-activating enzyme subunit 2","C=C(C)C1CCC2(C(=O)O)CCC3(C)C(CCC4C5(C)CCC(O)C(C)(C)C5CCC43C)C12","Q9UBT2","4934","1763"
"1763","BETULINIC ACID","0.8095238208770752","971","857754","1763","=","11000","nM","IC50","5","215","Aldose reductase","C=C(C)C1CCC2(C(=O)O)CCC3(C)C(CCC4C5(C)CCC(O)C(C)(C)C5CCC43C)C12","P15121","215","1763"
"42013","NANDROLONE","0.8421052694320679","13453","534652","42013","=","79","%","Inhibition","","4007","Solute carrier family 22 member 1","CC12CCC3C4CCC(=O)C=C4CCC3C1CCC2O","O15245","4007","42013"
"42644","ANDROSTENEDIOL","0.8205128312110901","13742","332769","42644","=","210","nM","IC50","7","410","Estrogen receptor","CC12CCC(O)CC1=CCC1C2CCC2(C)C(O)CCC12","P03372","410","42644"
"42644","ANDROSTENEDIOL","0.8205128312110901","13744","332772","42644","=","26","nM","EC50","8","410","Estrogen receptor","CC12CCC(O)CC1=CCC1C2CCC2(C)C(O)CCC12","P03372","410","42644"
"42644","ANDROSTENEDIOL","0.8205128312110901","13747","458134","42644","=","180","nM","IC50","7","410","Estrogen receptor","CC12CCC(O)CC1=CCC1C2CCC2(C)C(O)CCC12","P03372","410","42644"
"42644","ANDROSTENEDIOL","0.8205128312110901","13749","458136","42644","=","26","nM","EC50","8","410","Estrogen receptor","CC12CCC(O)CC1=CCC1C2CCC2(C)C(O)CCC12","P03372","410","42644"
"42644","ANDROSTENEDIOL","0.8205128312110901","13745","332775","42644","=","212","nM","IC50","7","187","Androgen receptor","CC12CCC(O)CC1=CCC1C2CCC2(C)C(O)CCC12","P10275","187","42644"
"42644","ANDROSTENEDIOL","0.8205128312110901","13743","332770","42644","=","10","nM","IC50","8","317","Estrogen receptor beta","CC12CCC(O)CC1=CCC1C2CCC2(C)C(O)CCC12","Q92731","317","42644"
"42644","ANDROSTENEDIOL","0.8205128312110901","13746","332773","42644","=","6","nM","EC50","8","317","Estrogen receptor beta","CC12CCC(O)CC1=CCC1C2CCC2(C)C(O)CCC12","Q92731","317","42644"
"42644","ANDROSTENEDIOL","0.8205128312110901","13748","458135","42644","=","10","nM","IC50","8","317","Estrogen receptor beta","CC12CCC(O)CC1=CCC1C2CCC2(C)C(O)CCC12","Q92731","317","42644"
"42644","ANDROSTENEDIOL","0.8205128312110901","1375","458137","42644","=","6","nM","EC50","8","317","Estrogen receptor beta","CC12CCC(O)CC1=CCC1C2CCC2(C)C(O)CCC12","Q92731","317","42644"
"60078","None","0.8717948794364929","154","50724","60078","=","350","nM","IC50","6","301","Aromatase","CC12CCC(=O)C(O)=C1CCC1C2=CCC2(C)C(=O)CCC12","P11511","301","60078"
"71670","LUPEOL","0.8205128312110901","16943","506947","71670","=","10400","nM","IC50","5","100","DNA topoisomerase 2-alpha","C=C(C)C1CCC2(C)CCC3(C)C(CCC4C5(C)CCC(O)C(C)(C)C5CCC43C)C12","P11388","100","71670"
"125294","CHOLECALCIFEROL","0.8205128312110901","24295","1434935","125294","=","0","nM","EC50","10","300","Vitamin D3 receptor","C=C1CCC(O)CC1=CC=C1CCCC2(C)C1CCC2C(C)CCCC(C)C","P11473","300","125294"
"125294","CHOLECALCIFEROL","0.8205128312110901","24296","1474520","125294","=","400","nM","EC50","6","4289","Glycine receptor subunit alpha-1","C=C1CCC(O)CC1=CC=C1CCCC2(C)C1CCC2C(C)CCCC(C)C","P23415","4289","125294"
"127976","None","0.875","24612","71389","127976","=","100","%","Inhibition","","371","Glucocorticoid receptor","CC#CC1(O)CCC2C3CCC4=CC(=O)CCC4(Cc4ccc(C)cc4)C3=CCC21C","P04150","371","127976"
"133025","None","0.8157894611358643","25583","50722","133025","=","7300","nM","IC50","5","301","Aromatase","CC12CCCC=C1CCC1C2CCC2(C)C(O)CCC12","P11511","301","133025"
"149457","PRASTERONE","0.8421052694320679","27737","472949","149457","=","3330","nM","EC50","5","3704","G-protein coupled bile acid receptor 1","CC12CCC3C(CC=C4CC(O)CCC43C)C1CCC2=O","Q8TDU6","3704","149457"
"149457","PRASTERONE","0.8421052694320679","27738","830110","149457","=","11300","nM","IC50","5","3643","Glucose-6-phosphate 1-dehydrogenase","CC12CCC3C(CC=C4CC(O)CCC43C)C1CCC2=O","P11413","3643","149457"
"172779","OLEANOLIC_ACID","0.8292682766914368","31007","1445879","172779","=","980","nM","IC50","6","3122","M-phase inducer phosphatase 2","CC1(C)CCC2(C(=O)O)CCC3(C)C(=CCC4C5(C)CCC(O)C(C)(C)C5CCC43C)C2C1","P30305","3122","172779"
"172779","OLEANOLIC_ACID","0.8292682766914368","30992","848287","172779","=","11800","nM","IC50","5","1842","Receptor-type tyrosine-protein phosphatase F","CC1(C)CCC2(C(=O)O)CCC3(C)C(=CCC4C5(C)CCC(O)C(C)(C)C5CCC43C)C2C1","P10586","1842","172779"
"172779","OLEANOLIC_ACID","0.8292682766914368","30992","848287","172779","=","11800","nM","IC50","5","1842","Receptor-type tyrosine-protein phosphatase F","CC1(C)CCC2(C(=O)O)CCC3(C)C(=CCC4C5(C)CCC(O)C(C)(C)C5CCC43C)C2C1","P10586","1842","172779"
"172779","OLEANOLIC_ACID","0.8292682766914368","30993","848287","172779","=","11800","nM","IC50","5","1842","Receptor-type tyrosine-protein phosphatase F","CC1(C)CCC2(C(=O)O)CCC3(C)C(=CCC4C5(C)CCC(O)C(C)(C)C5CCC43C)C2C1","P10586","1842","172779"
"172779","OLEANOLIC_ACID","0.8292682766914368","30993","848287","172779","=","11800","nM","IC50","5","1842","Receptor-type tyrosine-protein phosphatase F","CC1(C)CCC2(C(=O)O)CCC3(C)C(=CCC4C5(C)CCC(O)C(C)(C)C5CCC43C)C2C1","P10586","1842","172779"
"172779","OLEANOLIC_ACID","0.8292682766914368","31004","1336607","172779","=","4230","nM","IC50","5","2125","Tyrosine-protein phosphatase non-receptor type 2","CC1(C)CCC2(C(=O)O)CCC3(C)C(=CCC4C5(C)CCC(O)C(C)(C)C5CCC43C)C2C1","P17706","2125","172779"
"172779","OLEANOLIC_ACID","0.8292682766914368","31005","1445878","172779","=","4440","nM","IC50","5","2125","Tyrosine-protein phosphatase non-receptor type 2","CC1(C)CCC2(C(=O)O)CCC3(C)C(=CCC4C5(C)CCC(O)C(C)(C)C5CCC43C)C2C1","P17706","2125","172779"
"172779","OLEANOLIC_ACID","0.8292682766914368","31008","1448896","172779","=","6","ug.mL-1","IC50","","2125","Tyrosine-protein phosphatase non-receptor type 2","CC1(C)CCC2(C(=O)O)CCC3(C)C(=CCC4C5(C)CCC(O)C(C)(C)C5CCC43C)C2C1","P17706","2125","172779"
"172779","OLEANOLIC_ACID","0.8292682766914368","31017","1505847","172779","=","5460","nM","IC50","5","2125","Tyrosine-protein phosphatase non-receptor type 2","CC1(C)CCC2(C(=O)O)CCC3(C)C(=CCC4C5(C)CCC(O)C(C)(C)C5CCC43C)C2C1","P17706","2125","172779"
"172779","OLEANOLIC_ACID","0.8292682766914368","31021","1525099","172779","=","5460","nM","IC50","5","2125","Tyrosine-protein phosphatase non-receptor type 2","CC1(C)CCC2(C(=O)O)CCC3(C)C(=CCC4C5(C)CCC(O)C(C)(C)C5CCC43C)C2C1","P17706","2125","172779"
"172779","OLEANOLIC_ACID","0.8292682766914368","30986","358378","172779","=","3900","nM","IC50","5","1270","Tyrosine-protein phosphatase non-receptor type 1","CC1(C)CCC2(C(=O)O)CCC3(C)C(=CCC4C5(C)CCC(O)C(C)(C)C5CCC43C)C2C1","P18031","1270","172779"
"172779","OLEANOLIC_ACID","0.8292682766914368","30987","539060","172779","=","7600","nM","IC50","5","1270","Tyrosine-protein phosphatase non-receptor type 1","CC1(C)CCC2(C(=O)O)CCC3(C)C(=CCC4C5(C)CCC(O)C(C)(C)C5CCC43C)C2C1","P18031","1270","172779"
"172779","OLEANOLIC_ACID","0.8292682766914368","30988","622187","172779","=","4200","nM","IC50","5","1270","Tyrosine-protein phosphatase non-receptor type 1","CC1(C)CCC2(C(=O)O)CCC3(C)C(=CCC4C5(C)CCC(O)C(C)(C)C5CCC43C)C2C1","P18031","1270","172779"
"172779","OLEANOLIC_ACID","0.8292682766914368","30989","790928","172779","=","3840","nM","IC50","5","1270","Tyrosine-protein phosphatase non-receptor type 1","CC1(C)CCC2(C(=O)O)CCC3(C)C(=CCC4C5(C)CCC(O)C(C)(C)C5CCC43C)C2C1","P18031","1270","172779"
"172779","OLEANOLIC_ACID","0.8292682766914368","3099","831490","172779","=","5600","nM","IC50","5","1270","Tyrosine-protein phosphatase non-receptor type 1","CC1(C)CCC2(C(=O)O)CCC3(C)C(=CCC4C5(C)CCC(O)C(C)(C)C5CCC43C)C2C1","P18031","1270","172779"
"172779","OLEANOLIC_ACID","0.8292682766914368","30991","848283","172779","=","9500","nM","IC50","5","1270","Tyrosine-protein phosphatase non-receptor type 1","CC1(C)CCC2(C(=O)O)CCC3(C)C(=CCC4C5(C)CCC(O)C(C)(C)C5CCC43C)C2C1","P18031","1270","172779"
"172779","OLEANOLIC_ACID","0.8292682766914368","30996","912278","172779","=","5050","nM","IC50","5","1270","Tyrosine-protein phosphatase non-receptor type 1","CC1(C)CCC2(C(=O)O)CCC3(C)C(=CCC4C5(C)CCC(O)C(C)(C)C5CCC43C)C2C1","P18031","1270","172779"
"172779","OLEANOLIC_ACID","0.8292682766914368","30997","912278","172779","=","3370","nM","IC50","5","1270","Tyrosine-protein phosphatase non-receptor type 1","CC1(C)CCC2(C(=O)O)CCC3(C)C(=CCC4C5(C)CCC(O)C(C)(C)C5CCC43C)C2C1","P18031","1270","172779"
"172779","OLEANOLIC_ACID","0.8292682766914368","30998","939686","172779","=","2600","nM","IC50","6","1270","Tyrosine-protein phosphatase non-receptor type 1","CC1(C)CCC2(C(=O)O)CCC3(C)C(=CCC4C5(C)CCC(O)C(C)(C)C5CCC43C)C2C1","P18031","1270","172779"
"172779","OLEANOLIC_ACID","0.8292682766914368","30999","952786","172779","=","1100","nM","IC50","6","1270","Tyrosine-protein phosphatase non-receptor type 1","CC1(C)CCC2(C(=O)O)CCC3(C)C(=CCC4C5(C)CCC(O)C(C)(C)C5CCC43C)C2C1","P18031","1270","172779"
"172779","OLEANOLIC_ACID","0.8292682766914368","31","976022","172779","=","1","ug.mL-1","IC50","","1270","Tyrosine-protein phosphatase non-receptor type 1","CC1(C)CCC2(C(=O)O)CCC3(C)C(=CCC4C5(C)CCC(O)C(C)(C)C5CCC43C)C2C1","P18031","1270","172779"
"172779","OLEANOLIC_ACID","0.8292682766914368","31001","980260","172779","=","3020","nM","IC50","6","1270","Tyrosine-protein phosphatase non-receptor type 1","CC1(C)CCC2(C(=O)O)CCC3(C)C(=CCC4C5(C)CCC(O)C(C)(C)C5CCC43C)C2C1","P18031","1270","172779"
"172779","OLEANOLIC_ACID","0.8292682766914368","31002","988373","172779","=","2010","nM","IC50","6","1270","Tyrosine-protein phosphatase non-receptor type 1","CC1(C)CCC2(C(=O)O)CCC3(C)C(=CCC4C5(C)CCC(O)C(C)(C)C5CCC43C)C2C1","P18031","1270","172779"
"172779","OLEANOLIC_ACID","0.8292682766914368","31003","1336605","172779","=","1900","nM","IC50","6","1270","Tyrosine-protein phosphatase non-receptor type 1","CC1(C)CCC2(C(=O)O)CCC3(C)C(=CCC4C5(C)CCC(O)C(C)(C)C5CCC43C)C2C1","P18031","1270","172779"
"172779","OLEANOLIC_ACID","0.8292682766914368","31006","1445877","172779","=","3020","nM","IC50","6","1270","Tyrosine-protein phosphatase non-receptor type 1","CC1(C)CCC2(C(=O)O)CCC3(C)C(=CCC4C5(C)CCC(O)C(C)(C)C5CCC43C)C2C1","P18031","1270","172779"
"172779","OLEANOLIC_ACID","0.8292682766914368","31009","1448900","172779","=","1","ug.mL-1","IC50","","1270","Tyrosine-protein phosphatase non-receptor type 1","CC1(C)CCC2(C(=O)O)CCC3(C)C(=CCC4C5(C)CCC(O)C(C)(C)C5CCC43C)C2C1","P18031","1270","172779"
"172779","OLEANOLIC_ACID","0.8292682766914368","3101","1443130","172779","=","85","%","Inhibition","","1270","Tyrosine-protein phosphatase non-receptor type 1","CC1(C)CCC2(C(=O)O)CCC3(C)C(=CCC4C5(C)CCC(O)C(C)(C)C5CCC43C)C2C1","P18031","1270","172779"
"172779","OLEANOLIC_ACID","0.8292682766914368","31011","1443132","172779","=","9500","nM","IC50","5","1270","Tyrosine-protein phosphatase non-receptor type 1","CC1(C)CCC2(C(=O)O)CCC3(C)C(=CCC4C5(C)CCC(O)C(C)(C)C5CCC43C)C2C1","P18031","1270","172779"
"172779","OLEANOLIC_ACID","0.8292682766914368","31012","1461280","172779","=","1030","nM","IC50","6","1270","Tyrosine-protein phosphatase non-receptor type 1","CC1(C)CCC2(C(=O)O)CCC3(C)C(=CCC4C5(C)CCC(O)C(C)(C)C5CCC43C)C2C1","P18031","1270","172779"
"172779","OLEANOLIC_ACID","0.8292682766914368","31013","1463081","172779","=","1170","nM","IC50","6","1270","Tyrosine-protein phosphatase non-receptor type 1","CC1(C)CCC2(C(=O)O)CCC3(C)C(=CCC4C5(C)CCC(O)C(C)(C)C5CCC43C)C2C1","P18031","1270","172779"
"172779","OLEANOLIC_ACID","0.8292682766914368","31014","1466565","172779","=","3020","nM","IC50","6","1270","Tyrosine-protein phosphatase non-receptor type 1","CC1(C)CCC2(C(=O)O)CCC3(C)C(=CCC4C5(C)CCC(O)C(C)(C)C5CCC43C)C2C1","P18031","1270","172779"
"172779","OLEANOLIC_ACID","0.8292682766914368","31015","1466859","172779","=","1","ug.mL-1","IC50","","1270","Tyrosine-protein phosphatase non-receptor type 1","CC1(C)CCC2(C(=O)O)CCC3(C)C(=CCC4C5(C)CCC(O)C(C)(C)C5CCC43C)C2C1","P18031","1270","172779"
"172779","OLEANOLIC_ACID","0.8292682766914368","31016","1501659","172779","=","1000","nM","IC50","6","1270","Tyrosine-protein phosphatase non-receptor type 1","CC1(C)CCC2(C(=O)O)CCC3(C)C(=CCC4C5(C)CCC(O)C(C)(C)C5CCC43C)C2C1","P18031","1270","172779"
"172779","OLEANOLIC_ACID","0.8292682766914368","31018","1505848","172779","=","1536","nM","IC50","6","1270","Tyrosine-protein phosphatase non-receptor type 1","CC1(C)CCC2(C(=O)O)CCC3(C)C(=CCC4C5(C)CCC(O)C(C)(C)C5CCC43C)C2C1","P18031","1270","172779"
"172779","OLEANOLIC_ACID","0.8292682766914368","31019","1509406","172779","=","700","nM","IC50","6","1270","Tyrosine-protein phosphatase non-receptor type 1","CC1(C)CCC2(C(=O)O)CCC3(C)C(=CCC4C5(C)CCC(O)C(C)(C)C5CCC43C)C2C1","P18031","1270","172779"
"172779","OLEANOLIC_ACID","0.8292682766914368","3102","1513778","172779","=","700","nM","IC50","6","1270","Tyrosine-protein phosphatase non-receptor type 1","CC1(C)CCC2(C(=O)O)CCC3(C)C(=CCC4C5(C)CCC(O)C(C)(C)C5CCC43C)C2C1","P18031","1270","172779"
"172779","OLEANOLIC_ACID","0.8292682766914368","31022","1525098","172779","=","1536","nM","IC50","6","1270","Tyrosine-protein phosphatase non-receptor type 1","CC1(C)CCC2(C(=O)O)CCC3(C)C(=CCC4C5(C)CCC(O)C(C)(C)C5CCC43C)C2C1","P18031","1270","172779"
"172779","OLEANOLIC_ACID","0.8292682766914368","30994","857752","172779","=","4000","nM","IC50","5","4490","Aldo-keto reductase family 1 member B10","CC1(C)CCC2(C(=O)O)CCC3(C)C(=CCC4C5(C)CCC(O)C(C)(C)C5CCC43C)C2C1","O60218","4490","172779"
"172779","OLEANOLIC_ACID","0.8292682766914368","30995","857753","172779","=","90","nM","IC50","7","4490","Aldo-keto reductase family 1 member B10","CC1(C)CCC2(C(=O)O)CCC3(C)C(=CCC4C5(C)CCC(O)C(C)(C)C5CCC43C)C2C1","O60218","4490","172779"
"187962","NORETHINDRONE","0.8205128312110901","33811","159052","187962","=","2","nM","EC50","9","4847","Progesterone receptor","C#CC1(O)CCC2C3CCC4=CC(=O)CCC4C3CCC21C","P06401","4847","187962"
"201200","URSOLIC ACID","0.8292682766914368","35523","848285","201200","=","11100","nM","IC50","5","3218","Low molecular weight phosphotyrosine protein phosphatase","CC1CCC2(C(=O)O)CCC3(C)C(=CCC4C5(C)CCC(O)C(C)(C)C5CCC43C)C2C1C","P24666","3218","201200"
"201200","URSOLIC ACID","0.8292682766914368","35524","848284","201200","=","7200","nM","IC50","5","3218","Low molecular weight phosphotyrosine protein phosphatase","CC1CCC2(C(=O)O)CCC3(C)C(=CCC4C5(C)CCC(O)C(C)(C)C5CCC43C)C2C1C","P24666","3218","201200"
"201200","URSOLIC ACID","0.8292682766914368","35511","436656","201200","=","3600","nM","IC50","5","1270","Tyrosine-protein phosphatase non-receptor type 1","CC1CCC2(C(=O)O)CCC3(C)C(=CCC4C5(C)CCC(O)C(C)(C)C5CCC43C)C2C1C","P18031","1270","201200"
"201200","URSOLIC ACID","0.8292682766914368","35512","539060","201200","=","3100","nM","IC50","6","1270","Tyrosine-protein phosphatase non-receptor type 1","CC1CCC2(C(=O)O)CCC3(C)C(=CCC4C5(C)CCC(O)C(C)(C)C5CCC43C)C2C1C","P18031","1270","201200"
"201200","URSOLIC ACID","0.8292682766914368","35513","495918","201200","=","3600","nM","IC50","5","1270","Tyrosine-protein phosphatase non-receptor type 1","CC1CCC2(C(=O)O)CCC3(C)C(=CCC4C5(C)CCC(O)C(C)(C)C5CCC43C)C2C1C","P18031","1270","201200"
"201200","URSOLIC ACID","0.8292682766914368","35514","527248","201200","=","3600","nM","IC50","5","1270","Tyrosine-protein phosphatase non-receptor type 1","CC1CCC2(C(=O)O)CCC3(C)C(=CCC4C5(C)CCC(O)C(C)(C)C5CCC43C)C2C1C","P18031","1270","201200"
"201200","URSOLIC ACID","0.8292682766914368","35515","596785","201200","=","3800","nM","IC50","5","1270","Tyrosine-protein phosphatase non-receptor type 1","CC1CCC2(C(=O)O)CCC3(C)C(=CCC4C5(C)CCC(O)C(C)(C)C5CCC43C)C2C1C","P18031","1270","201200"
"201200","URSOLIC ACID","0.8292682766914368","35516","598343","201200","=","3900","nM","IC50","5","1270","Tyrosine-protein phosphatase non-receptor type 1","CC1CCC2(C(=O)O)CCC3(C)C(=CCC4C5(C)CCC(O)C(C)(C)C5CCC43C)C2C1C","P18031","1270","201200"
"201200","URSOLIC ACID","0.8292682766914368","35518","618616","201200","=","3600","nM","IC50","5","1270","Tyrosine-protein phosphatase non-receptor type 1","CC1CCC2(C(=O)O)CCC3(C)C(=CCC4C5(C)CCC(O)C(C)(C)C5CCC43C)C2C1C","P18031","1270","201200"
"201200","URSOLIC ACID","0.8292682766914368","35519","748961","201200","=","3100","nM","IC50","6","1270","Tyrosine-protein phosphatase non-receptor type 1","CC1CCC2(C(=O)O)CCC3(C)C(=CCC4C5(C)CCC(O)C(C)(C)C5CCC43C)C2C1C","P18031","1270","201200"
"201200","URSOLIC ACID","0.8292682766914368","3552","762179","201200","=","3600","nM","IC50","5","1270","Tyrosine-protein phosphatase non-receptor type 1","CC1CCC2(C(=O)O)CCC3(C)C(=CCC4C5(C)CCC(O)C(C)(C)C5CCC43C)C2C1C","P18031","1270","201200"
"201200","URSOLIC ACID","0.8292682766914368","35521","840475","201200","=","3100","nM","IC50","6","1270","Tyrosine-protein phosphatase non-receptor type 1","CC1CCC2(C(=O)O)CCC3(C)C(=CCC4C5(C)CCC(O)C(C)(C)C5CCC43C)C2C1C","P18031","1270","201200"
"201200","URSOLIC ACID","0.8292682766914368","35522","848283","201200","=","2300","nM","IC50","6","1270","Tyrosine-protein phosphatase non-receptor type 1","CC1CCC2(C(=O)O)CCC3(C)C(=CCC4C5(C)CCC(O)C(C)(C)C5CCC43C)C2C1C","P18031","1270","201200"
"201200","URSOLIC ACID","0.8292682766914368","35527","856703","201200","=","3600","nM","IC50","5","1270","Tyrosine-protein phosphatase non-receptor type 1","CC1CCC2(C(=O)O)CCC3(C)C(=CCC4C5(C)CCC(O)C(C)(C)C5CCC43C)C2C1C","P18031","1270","201200"
"201200","URSOLIC ACID","0.8292682766914368","35529","886806","201200","=","3080","nM","IC50","6","1270","Tyrosine-protein phosphatase non-receptor type 1","CC1CCC2(C(=O)O)CCC3(C)C(=CCC4C5(C)CCC(O)C(C)(C)C5CCC43C)C2C1C","P18031","1270","201200"
"201200","URSOLIC ACID","0.8292682766914368","35532","912278","201200","=","3080","nM","IC50","6","1270","Tyrosine-protein phosphatase non-receptor type 1","CC1CCC2(C(=O)O)CCC3(C)C(=CCC4C5(C)CCC(O)C(C)(C)C5CCC43C)C2C1C","P18031","1270","201200"
"201200","URSOLIC ACID","0.8292682766914368","35533","912278","201200","=","3080","nM","IC50","6","1270","Tyrosine-protein phosphatase non-receptor type 1","CC1CCC2(C(=O)O)CCC3(C)C(=CCC4C5(C)CCC(O)C(C)(C)C5CCC43C)C2C1C","P18031","1270","201200"
"201200","URSOLIC ACID","0.8292682766914368","35535","942408","201200","=","2750","nM","IC50","6","1270","Tyrosine-protein phosphatase non-receptor type 1","CC1CCC2(C(=O)O)CCC3(C)C(=CCC4C5(C)CCC(O)C(C)(C)C5CCC43C)C2C1C","P18031","1270","201200"
"201200","URSOLIC ACID","0.8292682766914368","35536","942409","201200","=","97","%","Inhibition","","1270","Tyrosine-protein phosphatase non-receptor type 1","CC1CCC2(C(=O)O)CCC3(C)C(=CCC4C5(C)CCC(O)C(C)(C)C5CCC43C)C2C1C","P18031","1270","201200"
"201200","URSOLIC ACID","0.8292682766914368","35537","1275583","201200","=","4120","nM","IC50","5","1270","Tyrosine-protein phosphatase non-receptor type 1","CC1CCC2(C(=O)O)CCC3(C)C(=CCC4C5(C)CCC(O)C(C)(C)C5CCC43C)C2C1C","P18031","1270","201200"
"201200","URSOLIC ACID","0.8292682766914368","35542","1451895","201200","=","4000","nM","IC50","5","1270","Tyrosine-protein phosphatase non-receptor type 1","CC1CCC2(C(=O)O)CCC3(C)C(=CCC4C5(C)CCC(O)C(C)(C)C5CCC43C)C2C1C","P18031","1270","201200"
"201200","URSOLIC ACID","0.8292682766914368","35543","1462224","201200","=","3500","nM","IC50","5","1270","Tyrosine-protein phosphatase non-receptor type 1","CC1CCC2(C(=O)O)CCC3(C)C(=CCC4C5(C)CCC(O)C(C)(C)C5CCC43C)C2C1C","P18031","1270","201200"
"201200","URSOLIC ACID","0.8292682766914368","35544","1501266","201200","=","3400","nM","IC50","5","1270","Tyrosine-protein phosphatase non-receptor type 1","CC1CCC2(C(=O)O)CCC3(C)C(=CCC4C5(C)CCC(O)C(C)(C)C5CCC43C)C2C1C","P18031","1270","201200"
"201200","URSOLIC ACID","0.8292682766914368","35538","1331821","201200","=","680","nM","IC50","6","5336","Nuclear receptor ROR-gamma","CC1CCC2(C(=O)O)CCC3(C)C(=CCC4C5(C)CCC(O)C(C)(C)C5CCC43C)C2C1C","P51449","5336","201200"
"201200","URSOLIC ACID","0.8292682766914368","35539","1338694","201200","=","130","nM","IC50","7","5336","Nuclear receptor ROR-gamma","CC1CCC2(C(=O)O)CCC3(C)C(=CCC4C5(C)CCC(O)C(C)(C)C5CCC43C)C2C1C","P51449","5336","201200"
"201200","URSOLIC ACID","0.8292682766914368","3554","1338695","201200","=","1060","nM","IC50","6","5336","Nuclear receptor ROR-gamma","CC1CCC2(C(=O)O)CCC3(C)C(=CCC4C5(C)CCC(O)C(C)(C)C5CCC43C)C2C1C","P51449","5336","201200"
"201200","URSOLIC ACID","0.8292682766914368","35541","1338698","201200","=","9410","nM","IC50","5","5336","Nuclear receptor ROR-gamma","CC1CCC2(C(=O)O)CCC3(C)C(=CCC4C5(C)CCC(O)C(C)(C)C5CCC43C)C2C1C","P51449","5336","201200"
"201200","URSOLIC ACID","0.8292682766914368","35528","857753","201200","=","4000","nM","IC50","5","4490","Aldo-keto reductase family 1 member B10","CC1CCC2(C(=O)O)CCC3(C)C(=CCC4C5(C)CCC(O)C(C)(C)C5CCC43C)C2C1C","O60218","4490","201200"
"201200","URSOLIC ACID","0.8292682766914368","35525","848287","201200","=","3800","nM","IC50","5","1842","Receptor-type tyrosine-protein phosphatase F","CC1CCC2(C(=O)O)CCC3(C)C(=CCC4C5(C)CCC(O)C(C)(C)C5CCC43C)C2C1C","P10586","1842","201200"
"201200","URSOLIC ACID","0.8292682766914368","35525","848287","201200","=","3800","nM","IC50","5","1842","Receptor-type tyrosine-protein phosphatase F","CC1CCC2(C(=O)O)CCC3(C)C(=CCC4C5(C)CCC(O)C(C)(C)C5CCC43C)C2C1C","P10586","1842","201200"
"201200","URSOLIC ACID","0.8292682766914368","35526","848287","201200","=","3800","nM","IC50","5","1842","Receptor-type tyrosine-protein phosphatase F","CC1CCC2(C(=O)O)CCC3(C)C(=CCC4C5(C)CCC(O)C(C)(C)C5CCC43C)C2C1C","P10586","1842","201200"
"201200","URSOLIC ACID","0.8292682766914368","35526","848287","201200","=","3800","nM","IC50","5","1842","Receptor-type tyrosine-protein phosphatase F","CC1CCC2(C(=O)O)CCC3(C)C(=CCC4C5(C)CCC(O)C(C)(C)C5CCC43C)C2C1C","P10586","1842","201200"
"201200","URSOLIC ACID","0.8292682766914368","3553","903408","201200","=","98","%","Inhibition","","943","Lysosomal alpha-glucosidase","CC1CCC2(C(=O)O)CCC3(C)C(=CCC4C5(C)CCC(O)C(C)(C)C5CCC43C)C2C1C","P10253","943","201200"
"201200","URSOLIC ACID","0.8292682766914368","35531","903412","201200","=","4","ug.mL-1","IC50","","943","Lysosomal alpha-glucosidase","CC1CCC2(C(=O)O)CCC3(C)C(=CCC4C5(C)CCC(O)C(C)(C)C5CCC43C)C2C1C","P10253","943","201200"
"201200","URSOLIC ACID","0.8292682766914368","35517","609376","201200","=","1900","nM","IC50","6","2554","Corticosteroid 11-beta-dehydrogenase isozyme 1","CC1CCC2(C(=O)O)CCC3(C)C(=CCC4C5(C)CCC(O)C(C)(C)C5CCC43C)C2C1C","P28845","2554","201200"
"201200","URSOLIC ACID","0.8292682766914368","35534","942407","201200","=","2400","nM","IC50","6","2125","Tyrosine-protein phosphatase non-receptor type 2","CC1CCC2(C(=O)O)CCC3(C)C(=CCC4C5(C)CCC(O)C(C)(C)C5CCC43C)C2C1C","P17706","2125","201200"
"217341","FORMESTANE","0.8717948794364929","37465","50862","217341","=","82","%","Inhibition","","301","Aromatase","CC12CCC3C(CCC4=C(O)C(=O)CCC43C)C1CCC2=O","P11511","301","217341"
"217341","FORMESTANE","0.8717948794364929","37466","50722","217341","=","410","nM","IC50","6","301","Aromatase","CC12CCC3C(CCC4=C(O)C(=O)CCC43C)C1CCC2=O","P11511","301","217341"
"217341","FORMESTANE","0.8717948794364929","37467","36053","217341","=","370","nM","IC50","6","301","Aromatase","CC12CCC3C(CCC4=C(O)C(=O)CCC43C)C1CCC2=O","P11511","301","217341"
"217341","FORMESTANE","0.8717948794364929","37468","50724","217341","=","370","nM","IC50","6","301","Aromatase","CC12CCC3C(CCC4=C(O)C(=O)CCC43C)C1CCC2=O","P11511","301","217341"
"217341","FORMESTANE","0.8717948794364929","37469","321827","217341","=","99","%","Inhibition","","301","Aromatase","CC12CCC3C(CCC4=C(O)C(=O)CCC43C)C1CCC2=O","P11511","301","217341"
"217341","FORMESTANE","0.8717948794364929","3747","321624","217341","=","42","nM","IC50","7","301","Aromatase","CC12CCC3C(CCC4=C(O)C(=O)CCC43C)C1CCC2=O","P11511","301","217341"
"217341","FORMESTANE","0.8717948794364929","37471","512098","217341","=","800","nM","IC50","6","301","Aromatase","CC12CCC3C(CCC4=C(O)C(=O)CCC43C)C1CCC2=O","P11511","301","217341"
"217341","FORMESTANE","0.8717948794364929","37472","587693","217341","=","92","nM","IC50","7","301","Aromatase","CC12CCC3C(CCC4=C(O)C(=O)CCC43C)C1CCC2=O","P11511","301","217341"
"217341","FORMESTANE","0.8717948794364929","37473","696883","217341","=","42","nM","IC50","7","301","Aromatase","CC12CCC3C(CCC4=C(O)C(=O)CCC43C)C1CCC2=O","P11511","301","217341"
"217341","FORMESTANE","0.8717948794364929","37474","829835","217341","=","100","%","Inhibition","","301","Aromatase","CC12CCC3C(CCC4=C(O)C(=O)CCC43C)C1CCC2=O","P11511","301","217341"
"217341","FORMESTANE","0.8717948794364929","37475","829836","217341","=","42","nM","IC50","7","301","Aromatase","CC12CCC3C(CCC4=C(O)C(=O)CCC43C)C1CCC2=O","P11511","301","217341"
"217341","FORMESTANE","0.8717948794364929","37476","872732","217341","=","49","nM","IC50","7","301","Aromatase","CC12CCC3C(CCC4=C(O)C(=O)CCC43C)C1CCC2=O","P11511","301","217341"
"217341","FORMESTANE","0.8717948794364929","37477","1337227","217341","=","470","nM","IC50","6","301","Aromatase","CC12CCC3C(CCC4=C(O)C(=O)CCC43C)C1CCC2=O","P11511","301","217341"
"285115","22(R)-HYDROXYCHOLESTEROL","0.8974359035491943","43488","304304","285115","=","15000","nM","EC50","5","2412","Oxysterols receptor LXR-beta","CC(C)CCC(O)C(C)C1CCC2C3CC=C4CC(O)CCC4(C)C3CCC12C","P55055","2412","285115"
"285115","22(R)-HYDROXYCHOLESTEROL","0.8974359035491943","43486","308084","285115","=","70","%","Inhibition","","1138","Oxysterols receptor LXR-alpha","CC(C)CCC(O)C(C)C1CCC2C3CC=C4CC(O)CCC4(C)C3CCC12C","Q13133","1138","285115"
"285115","22(R)-HYDROXYCHOLESTEROL","0.8974359035491943","43487","304312","285115","=","15000","nM","EC50","5","1138","Oxysterols receptor LXR-alpha","CC(C)CCC(O)C(C)C1CCC2C3CC=C4CC(O)CCC4(C)C3CCC12C","Q13133","1138","285115"
"285115","22(R)-HYDROXYCHOLESTEROL","0.8974359035491943","43489","972108","285115","=","1000","nM","EC50","6","1138","Oxysterols receptor LXR-alpha","CC(C)CCC(O)C(C)C1CCC2C3CC=C4CC(O)CCC4(C)C3CCC12C","Q13133","1138","285115"
"285115","22(R)-HYDROXYCHOLESTEROL","0.8974359035491943","4349","1331800","285115","=","20","nM","EC50","8","5336","Nuclear receptor ROR-gamma","CC(C)CCC(O)C(C)C1CCC2C3CC=C4CC(O)CCC4(C)C3CCC12C","P51449","5336","285115"
"285115","22(R)-HYDROXYCHOLESTEROL","0.8974359035491943","43491","1442780","285115","=","20","nM","EC50","8","5336","Nuclear receptor ROR-gamma","CC(C)CCC(O)C(C)C1CCC2C3CC=C4CC(O)CCC4(C)C3CCC12C","P51449","5336","285115"
"285365","None","0.8974359035491943","4351","1451836","285365","=","3300","nM","EC50","5","362","Niemann-Pick C1-like protein 1","CC(CCCC(C)(C)O)C1CCC2C3CC=C4CC(O)CCC4(C)C3CCC12C","Q9UHC9","362","285365"
"285365","None","0.8974359035491943","43508","1331800","285365","=","20","nM","EC50","8","5336","Nuclear receptor ROR-gamma","CC(CCCC(C)(C)O)C1CCC2C3CC=C4CC(O)CCC4(C)C3CCC12C","P51449","5336","285365"
"285365","None","0.8974359035491943","43509","1442780","285365","=","20","nM","EC50","8","5336","Nuclear receptor ROR-gamma","CC(CCCC(C)(C)O)C1CCC2C3CC=C4CC(O)CCC4(C)C3CCC12C","P51449","5336","285365"
"286965","24(S),25-EPOXYCHOLESTEROL","0.8095238208770752","43601","566456","286965","=","400","nM","EC50","6","2412","Oxysterols receptor LXR-beta","CC(CCC1OC1(C)C)C1CCC2C3CC=C4CC(O)CCC4(C)C3CCC12C","P55055","2412","286965"
"286965","24(S),25-EPOXYCHOLESTEROL","0.8095238208770752","43598","99030","286965","=","95","nM","EC50","7","1138","Oxysterols receptor LXR-alpha","CC(CCC1OC1(C)C)C1CCC2C3CC=C4CC(O)CCC4(C)C3CCC12C","Q13133","1138","286965"
"286965","24(S),25-EPOXYCHOLESTEROL","0.8095238208770752","43599","99031","286965","=","3000","nM","EC50","6","1138","Oxysterols receptor LXR-alpha","CC(CCC1OC1(C)C)C1CCC2C3CC=C4CC(O)CCC4(C)C3CCC12C","Q13133","1138","286965"
"286965","24(S),25-EPOXYCHOLESTEROL","0.8095238208770752","436","340909","286965","=","500","nM","EC50","6","1138","Oxysterols receptor LXR-alpha","CC(CCC1OC1(C)C)C1CCC2C3CC=C4CC(O)CCC4(C)C3CCC12C","Q13133","1138","286965"
"309889","None","0.8157894611358643","51634","305277","309889","=","2100","nM","IC50","6","371","Glucocorticoid receptor","CC12CCC(=O)C=C1CCCC2C(O)c1ccccc1","P04150","371","309889"
"312856","None","0.8717948794364929","52561","306232","312856","=","7","nM","IC50","8","187","Androgen receptor","CCCCCCCCC1CC2(C)C(O)CCC2C2CCC3=CC(=O)CCC3=C12","P10275","187","312856"
"312856","None","0.8717948794364929","52562","306188","312856","=","1","nM","IC50","9","187","Androgen receptor","CCCCCCCCC1CC2(C)C(O)CCC2C2CCC3=CC(=O)CCC3=C12","P10275","187","312856"
"312856","None","0.8717948794364929","52563","312581","312856","=","17","nM","IC50","8","187","Androgen receptor","CCCCCCCCC1CC2(C)C(O)CCC2C2CCC3=CC(=O)CCC3=C12","P10275","187","312856"
"312891","None","0.8717948794364929","5257","306232","312891","=","1","nM","IC50","9","187","Androgen receptor","CCCCCCCCCCC1CC2(C)C(O)CCC2C2CCC3=CC(=O)CCC3=C12","P10275","187","312891"
"312891","None","0.8717948794364929","52571","306188","312891","=","85","nM","IC50","7","187","Androgen receptor","CCCCCCCCCCC1CC2(C)C(O)CCC2C2CCC3=CC(=O)CCC3=C12","P10275","187","312891"
"312891","None","0.8717948794364929","52572","312581","312891","=","17","nM","IC50","8","187","Androgen receptor","CCCCCCCCCCC1CC2(C)C(O)CCC2C2CCC3=CC(=O)CCC3=C12","P10275","187","312891"
"313014","None","0.8717948794364929","52629","306232","313014","=","0","nM","IC50","10","187","Androgen receptor","CCCCCCCCCCCCC1CC2(C)C(O)CCC2C2CCC3=CC(=O)CCC3=C12","P10275","187","313014"
"313014","None","0.8717948794364929","5263","312581","313014","=","19","nM","IC50","8","187","Androgen receptor","CCCCCCCCCCCCC1CC2(C)C(O)CCC2C2CCC3=CC(=O)CCC3=C12","P10275","187","313014"
"313079","None","0.8717948794364929","52663","306232","313079","=","2","nM","IC50","9","187","Androgen receptor","CCC1CC2(C)C(O)CCC2C2CCC3=CC(=O)CCC3=C12","P10275","187","313079"
"313079","None","0.8717948794364929","52664","312581","313079","=","55","nM","IC50","7","187","Androgen receptor","CCC1CC2(C)C(O)CCC2C2CCC3=CC(=O)CCC3=C12","P10275","187","313079"
"313080","None","0.8717948794364929","52665","306232","313080","=","0","nM","IC50","10","187","Androgen receptor","CCCCCC1CC2(C)C(O)CCC2C2CCC3=CC(=O)CCC3=C12","P10275","187","313080"
"313080","None","0.8717948794364929","52666","306188","313080","=","0","nM","IC50","","187","Androgen receptor","CCCCCC1CC2(C)C(O)CCC2C2CCC3=CC(=O)CCC3=C12","P10275","187","313080"
"313080","None","0.8717948794364929","52667","312581","313080","=","17","nM","IC50","8","187","Androgen receptor","CCCCCC1CC2(C)C(O)CCC2C2CCC3=CC(=O)CCC3=C12","P10275","187","313080"
"318437","None","0.875","5502","306071","318437","=","6500","nM","IC50","5","187","Androgen receptor","CC#CC1(O)CCC2C3CCC4=CC(=O)CCC4(Cc4ccc(C)cc4)C3=CCC21C","P10275","187","318437"
"318437","None","0.875","55019","306167","318437","=","2400","nM","IC50","6","4847","Progesterone receptor","CC#CC1(O)CCC2C3CCC4=CC(=O)CCC4(Cc4ccc(C)cc4)C3=CCC21C","P06401","4847","318437"
"318437","None","0.875","55021","306265","318437","=","6300","nM","IC50","5","324","Mineralocorticoid receptor","CC#CC1(O)CCC2C3CCC4=CC(=O)CCC4(Cc4ccc(C)cc4)C3=CCC21C","P08235","324","318437"
"318437","None","0.875","55017","306199","318437","=","2","nM","IC50","9","371","Glucocorticoid receptor","CC#CC1(O)CCC2C3CCC4=CC(=O)CCC4(Cc4ccc(C)cc4)C3=CCC21C","P04150","371","318437"
"318437","None","0.875","55018","312224","318437","=","43","nM","IC50","7","371","Glucocorticoid receptor","CC#CC1(O)CCC2C3CCC4=CC(=O)CCC4(Cc4ccc(C)cc4)C3=CCC21C","P04150","371","318437"
"319718","None","0.8409090638160706","55416","304872","319718","=","1860","nM","IC50","6","1717","DNA topoisomerase 2-beta","CC(CCC(O)C(C)(C)O)C1CCC2(C)C3CCC4C(C)(C)C(=O)C(C=O)=CC4(C)C3=CCC12C","Q02880","1717","319718"
"319718","None","0.8409090638160706","55415","304872","319718","=","1860","nM","IC50","6","100","DNA topoisomerase 2-alpha","CC(CCC(O)C(C)(C)O)C1CCC2(C)C3CCC4C(C)(C)C(=O)C(C=O)=CC4(C)C3=CCC12C","P11388","100","319718"
"325813","None","0.824999988079071","58099","305519","325813","=","5600","nM","IC50","5","2798","Nitric oxide synthase, inducible","CC1(C)CCC2(C(=O)O)CCC3(C)C(=CCC4C5(C)C=CC(=O)C(C)(C)C5CCC43C)C2C1","P35228","2798","325813"
"338717","None","0.8205128312110901","66446","332769","338717","=","1164","nM","IC50","6","410","Estrogen receptor","CC=CC12CCC(O)CC1=CCC1C2CCC2(C)C(O)CCC12","P03372","410","338717"
"338717","None","0.8205128312110901","66448","332772","338717","=","47","nM","EC50","7","410","Estrogen receptor","CC=CC12CCC(O)CC1=CCC1C2CCC2(C)C(O)CCC12","P03372","410","338717"
"338717","None","0.8205128312110901","66449","332775","338717","=","843","nM","IC50","6","187","Androgen receptor","CC=CC12CCC(O)CC1=CCC1C2CCC2(C)C(O)CCC12","P10275","187","338717"
"338717","None","0.8205128312110901","66447","332770","338717","=","96","nM","IC50","7","317","Estrogen receptor beta","CC=CC12CCC(O)CC1=CCC1C2CCC2(C)C(O)CCC12","Q92731","317","338717"
"338717","None","0.8205128312110901","6645","332773","338717","=","39","nM","EC50","7","317","Estrogen receptor beta","CC=CC12CCC(O)CC1=CCC1C2CCC2(C)C(O)CCC12","Q92731","317","338717"
"338718","None","0.824999988079071","66454","332775","338718","=","3767","nM","IC50","5","187","Androgen receptor","CCC=CC12CCC(O)CC1=CCC1C2CCC2(C)C(O)CCC12","P10275","187","338718"
"338718","None","0.824999988079071","66452","332770","338718","=","361","nM","IC50","6","317","Estrogen receptor beta","CCC=CC12CCC(O)CC1=CCC1C2CCC2(C)C(O)CCC12","Q92731","317","338718"
"338718","None","0.824999988079071","66455","332773","338718","=","252","nM","EC50","7","317","Estrogen receptor beta","CCC=CC12CCC(O)CC1=CCC1C2CCC2(C)C(O)CCC12","Q92731","317","338718"
"338718","None","0.824999988079071","66451","332769","338718","=","3042","nM","IC50","6","410","Estrogen receptor","CCC=CC12CCC(O)CC1=CCC1C2CCC2(C)C(O)CCC12","P03372","410","338718"
"338718","None","0.824999988079071","66453","332772","338718","=","719","nM","EC50","6","410","Estrogen receptor","CCC=CC12CCC(O)CC1=CCC1C2CCC2(C)C(O)CCC12","P03372","410","338718"
"338843","MASLINIC ACID","0.8139534592628479","66651","588941","338843","=","5930","nM","IC50","5","1270","Tyrosine-protein phosphatase non-receptor type 1","CC1(C)CCC2(C(=O)O)CCC3(C)C(=CCC4C5(C)CC(O)C(O)C(C)(C)C5CCC43C)C2C1","P18031","1270","338843"
"338843","MASLINIC ACID","0.8139534592628479","66652","857753","338843","=","630","nM","IC50","6","4490","Aldo-keto reductase family 1 member B10","CC1(C)CCC2(C(=O)O)CCC3(C)C(=CCC4C5(C)CC(O)C(O)C(C)(C)C5CCC43C)C2C1","O60218","4490","338843"
"338866","None","0.800000011920929","66667","332772","338866","=","1000","nM","EC50","6","410","Estrogen receptor","CC#CC12CCC(O)CC1=CCC1C2CCC2(C)C(O)CCC12","P03372","410","338866"
"338866","None","0.800000011920929","66668","332775","338866","=","3733","nM","IC50","5","187","Androgen receptor","CC#CC12CCC(O)CC1=CCC1C2CCC2(C)C(O)CCC12","P10275","187","338866"
"338866","None","0.800000011920929","66666","332770","338866","=","381","nM","IC50","6","317","Estrogen receptor beta","CC#CC12CCC(O)CC1=CCC1C2CCC2(C)C(O)CCC12","Q92731","317","338866"
"338866","None","0.800000011920929","66669","332773","338866","=","171","nM","EC50","7","317","Estrogen receptor beta","CC#CC12CCC(O)CC1=CCC1C2CCC2(C)C(O)CCC12","Q92731","317","338866"
"338936","None","0.824999988079071","6669","332770","338936","=","1619","nM","IC50","6","317","Estrogen receptor beta","CC12CCC3C(CC=C4CC(O)CCC43CC=O)C1CCC2O","Q92731","317","338936"
"338945","None","0.800000011920929","66696","332775","338945","=","1768","nM","IC50","6","187","Androgen receptor","C=CCC12CCC(O)CC1=CCC1C2CCC2(C)C(O)CCC12","P10275","187","338945"
"338945","None","0.800000011920929","66694","332770","338945","=","128","nM","IC50","7","317","Estrogen receptor beta","C=CCC12CCC(O)CC1=CCC1C2CCC2(C)C(O)CCC12","Q92731","317","338945"
"338945","None","0.800000011920929","66697","332773","338945","=","148","nM","EC50","7","317","Estrogen receptor beta","C=CCC12CCC(O)CC1=CCC1C2CCC2(C)C(O)CCC12","Q92731","317","338945"
"338945","None","0.800000011920929","66693","332769","338945","=","1738","nM","IC50","6","410","Estrogen receptor","C=CCC12CCC(O)CC1=CCC1C2CCC2(C)C(O)CCC12","P03372","410","338945"
"338945","None","0.800000011920929","66695","332772","338945","=","1000","nM","EC50","6","410","Estrogen receptor","C=CCC12CCC(O)CC1=CCC1C2CCC2(C)C(O)CCC12","P03372","410","338945"
"338946","None","0.824999988079071","667","332775","338946","=","33","nM","IC50","7","187","Androgen receptor","CCC12CCC(O)CC1=CCC1C2CCC2(C)C(O)CCC12","P10275","187","338946"
"338946","None","0.824999988079071","66699","332770","338946","=","16","nM","IC50","8","317","Estrogen receptor beta","CCC12CCC(O)CC1=CCC1C2CCC2(C)C(O)CCC12","Q92731","317","338946"
"338946","None","0.824999988079071","66698","332769","338946","=","2329","nM","IC50","6","410","Estrogen receptor","CCC12CCC(O)CC1=CCC1C2CCC2(C)C(O)CCC12","P03372","410","338946"
"338947","None","0.824999988079071","66701","332769","338947","=","5155","nM","IC50","5","410","Estrogen receptor","CCCC12CCC(O)CC1=CCC1C2CCC2(C)C(O)CCC12","P03372","410","338947"
"338947","None","0.824999988079071","66703","332775","338947","=","1769","nM","IC50","6","187","Androgen receptor","CCCC12CCC(O)CC1=CCC1C2CCC2(C)C(O)CCC12","P10275","187","338947"
"338947","None","0.824999988079071","66702","332770","338947","=","132","nM","IC50","7","317","Estrogen receptor beta","CCCC12CCC(O)CC1=CCC1C2CCC2(C)C(O)CCC12","Q92731","317","338947"
"339130","None","0.8205128312110901","66907","332769","339130","=","1956","nM","IC50","6","410","Estrogen receptor","CC=CC12CCC(O)CC1=CCC1C2CCC2(C)C(O)CCC12","P03372","410","339130"
"339130","None","0.8205128312110901","66909","332772","339130","=","344","nM","EC50","6","410","Estrogen receptor","CC=CC12CCC(O)CC1=CCC1C2CCC2(C)C(O)CCC12","P03372","410","339130"
"339130","None","0.8205128312110901","6691","332775","339130","=","718","nM","IC50","6","187","Androgen receptor","CC=CC12CCC(O)CC1=CCC1C2CCC2(C)C(O)CCC12","P10275","187","339130"
"339130","None","0.8205128312110901","66908","332770","339130","=","16","nM","IC50","8","317","Estrogen receptor beta","CC=CC12CCC(O)CC1=CCC1C2CCC2(C)C(O)CCC12","Q92731","317","339130"
"339130","None","0.8205128312110901","66911","332773","339130","=","21","nM","EC50","8","317","Estrogen receptor beta","CC=CC12CCC(O)CC1=CCC1C2CCC2(C)C(O)CCC12","Q92731","317","339130"
"339140","None","0.800000011920929","66914","332772","339140","=","844","nM","EC50","6","410","Estrogen receptor","CC12CCC3C(CC=C4CC(O)CCC43C=O)C1CCC2O","P03372","410","339140"
"339140","None","0.800000011920929","66915","332773","339140","=","78","nM","EC50","7","317","Estrogen receptor beta","CC12CCC3C(CC=C4CC(O)CCC43C=O)C1CCC2O","Q92731","317","339140"
"339140","None","0.800000011920929","66916","332770","339140","=","230","nM","IC50","7","317","Estrogen receptor beta","CC12CCC3C(CC=C4CC(O)CCC43C=O)C1CCC2O","Q92731","317","339140"
"339141","None","0.800000011920929","66917","332769","339141","=","1053","nM","IC50","6","410","Estrogen receptor","C=CC12CCC(O)CC1=CCC1C2CCC2(C)C1CCC2(C)O","P03372","410","339141"
"339141","None","0.800000011920929","66918","332772","339141","=","494","nM","EC50","6","410","Estrogen receptor","C=CC12CCC(O)CC1=CCC1C2CCC2(C)C1CCC2(C)O","P03372","410","339141"
"339141","None","0.800000011920929","66919","332775","339141","=","169","nM","IC50","7","187","Androgen receptor","C=CC12CCC(O)CC1=CCC1C2CCC2(C)C1CCC2(C)O","P10275","187","339141"
"339141","None","0.800000011920929","6692","332773","339141","=","31","nM","EC50","8","317","Estrogen receptor beta","C=CC12CCC(O)CC1=CCC1C2CCC2(C)C1CCC2(C)O","Q92731","317","339141"
"339141","None","0.800000011920929","66921","332770","339141","=","25","nM","IC50","8","317","Estrogen receptor beta","C=CC12CCC(O)CC1=CCC1C2CCC2(C)C1CCC2(C)O","Q92731","317","339141"
"339320","None","0.8205128312110901","67155","332775","339320","=","8","nM","IC50","8","187","Androgen receptor","C=CC12CCC(=O)C=C1CCC1C2CCC2(C)C(O)CCC12","P10275","187","339320"
"339320","None","0.8205128312110901","67156","332773","339320","=","379","nM","EC50","6","317","Estrogen receptor beta","C=CC12CCC(=O)C=C1CCC1C2CCC2(C)C(O)CCC12","Q92731","317","339320"
"339320","None","0.8205128312110901","67157","332770","339320","=","782","nM","IC50","6","317","Estrogen receptor beta","C=CC12CCC(=O)C=C1CCC1C2CCC2(C)C(O)CCC12","Q92731","317","339320"
"339321","None","0.800000011920929","67161","332775","339321","=","1717","nM","IC50","6","187","Androgen receptor","C#CCC12CCC(O)CC1=CCC1C2CCC2(C)C(O)CCC12","P10275","187","339321"
"339321","None","0.800000011920929","67159","332770","339321","=","286","nM","IC50","7","317","Estrogen receptor beta","C#CCC12CCC(O)CC1=CCC1C2CCC2(C)C(O)CCC12","Q92731","317","339321"
"339321","None","0.800000011920929","67162","332773","339321","=","153","nM","EC50","7","317","Estrogen receptor beta","C#CCC12CCC(O)CC1=CCC1C2CCC2(C)C(O)CCC12","Q92731","317","339321"
"339321","None","0.800000011920929","67158","332769","339321","=","4643","nM","IC50","5","410","Estrogen receptor","C#CCC12CCC(O)CC1=CCC1C2CCC2(C)C(O)CCC12","P03372","410","339321"
"339321","None","0.800000011920929","6716","332772","339321","=","984","nM","EC50","6","410","Estrogen receptor","C#CCC12CCC(O)CC1=CCC1C2CCC2(C)C(O)CCC12","P03372","410","339321"
"339453","None","0.8139534592628479","6721","588941","339453","=","14330","nM","IC50","5","1270","Tyrosine-protein phosphatase non-receptor type 1","CC1(C)CCC2(C(=O)O)CCC3(C)C(=CCC4C5(C)CC(O)C(O)C(C)(C)C5CCC43C)C2C1","P18031","1270","339453"
"347948","None","0.8095238208770752","7313","358378","347948","=","14200","nM","IC50","5","1270","Tyrosine-protein phosphatase non-receptor type 1","COC(=O)C12CCC3C(=CCC4C3(C)CCC3C(C)(C)C(O)CCC34C)C1CC(C)(C)CC2","P18031","1270","347948"
"348101","None","0.8292682766914368","73232","358378","348101","=","5200","nM","IC50","5","1270","Tyrosine-protein phosphatase non-receptor type 1","CC1(C)CCC2(C)CCC3(C(=O)O)C(=CCC4C5(C)CCC(O)C(C)(C)C5CCC43C)C2C1","P18031","1270","348101"
"348305","None","0.8095238208770752","73333","358378","348305","=","12800","nM","IC50","5","1270","Tyrosine-protein phosphatase non-receptor type 1","CC1(C)CCC2(C)CCC3(C(=O)O)C(=CCC4C5(C)CCC(O)C(C)(C)C5C(O)CC43C)C2C1","P18031","1270","348305"
"348358","None","0.8095238208770752","73359","358378","348358","=","8500","nM","IC50","5","1270","Tyrosine-protein phosphatase non-receptor type 1","CC(=O)OC1CCC2(C)C(CCC3(C)C2CC=C2C4CC(C)(C)CCC4(C)CCC23C(=O)O)C1(C)C","P18031","1270","348358"
"348368","None","0.8095238208770752","73371","358378","348368","=","16000","nM","IC50","5","1270","Tyrosine-protein phosphatase non-receptor type 1","COC(=O)C12CCC3(C)CCC(C)(C)CC3C1=CCC1C3(C)CCC(O)C(C)(C)C3CCC12C","P18031","1270","348368"
"348369","None","0.8292682766914368","73372","358378","348369","=","4900","nM","IC50","5","1270","Tyrosine-protein phosphatase non-receptor type 1","CC1CCC2(C)CCC3(C(=O)O)C(=CCC4C5(C)CCC(O)C(C)(C)C5CCC43C)C2C1C","P18031","1270","348369"
"348597","None","0.8139534592628479","73497","362607","348597","=","3950","nM","IC50","5","2062","Corticosteroid 11-beta-dehydrogenase isozyme 2","CC(=O)OC1CCC2(C)C3=C(C(=O)CC2C1(C)C)C1(C)CCC(C(C)CCC(=O)O)C1(C)CC3=O","P80365","2062","348597"
"348597","None","0.8139534592628479","73498","362619","348597","=","2090","nM","IC50","6","371","Glucocorticoid receptor","CC(=O)OC1CCC2(C)C3=C(C(=O)CC2C1(C)C)C1(C)CCC(C(C)CCC(=O)O)C1(C)CC3=O","P04150","371","348597"
"348597","None","0.8139534592628479","73499","362620","348597","=","11800","nM","IC50","5","371","Glucocorticoid receptor","CC(=O)OC1CCC2(C)C3=C(C(=O)CC2C1(C)C)C1(C)CCC(C(C)CCC(=O)O)C1(C)CC3=O","P04150","371","348597"
"348597","None","0.8139534592628479","73495","362606","348597","=","144","nM","IC50","7","2554","Corticosteroid 11-beta-dehydrogenase isozyme 1","CC(=O)OC1CCC2(C)C3=C(C(=O)CC2C1(C)C)C1(C)CCC(C(C)CCC(=O)O)C1(C)CC3=O","P28845","2554","348597"
"348597","None","0.8139534592628479","73496","362614","348597","=","410","nM","IC50","6","2554","Corticosteroid 11-beta-dehydrogenase isozyme 1","CC(=O)OC1CCC2(C)C3=C(C(=O)CC2C1(C)C)C1(C)CCC(C(C)CCC(=O)O)C1(C)CC3=O","P28845","2554","348597"
"348947","ACETOXOLONE","0.8095238208770752","73833","362607","348947","=","201","nM","IC50","7","2062","Corticosteroid 11-beta-dehydrogenase isozyme 2","CC(=O)OC1CCC2(C)C(CCC3(C)C2C(=O)C=C2C4CC(C)(C(=O)O)CCC4(C)CCC23C)C1(C)C","P80365","2062","348947"
"348947","ACETOXOLONE","0.8095238208770752","73835","362615","348947","=","6430","nM","IC50","5","2062","Corticosteroid 11-beta-dehydrogenase isozyme 2","CC(=O)OC1CCC2(C)C(CCC3(C)C2C(=O)C=C2C4CC(C)(C(=O)O)CCC4(C)CCC23C)C1(C)C","P80365","2062","348947"
"348947","ACETOXOLONE","0.8095238208770752","73836","607155","348947","=","86","%","Inhibition","","2062","Corticosteroid 11-beta-dehydrogenase isozyme 2","CC(=O)OC1CCC2(C)C(CCC3(C)C2C(=O)C=C2C4CC(C)(C(=O)O)CCC4(C)CCC23C)C1(C)C","P80365","2062","348947"
"348947","ACETOXOLONE","0.8095238208770752","73837","674863","348947","=","750","nM","IC50","6","2062","Corticosteroid 11-beta-dehydrogenase isozyme 2","CC(=O)OC1CCC2(C)C(CCC3(C)C2C(=O)C=C2C4CC(C)(C(=O)O)CCC4(C)CCC23C)C1(C)C","P80365","2062","348947"
"348947","ACETOXOLONE","0.8095238208770752","7384","735656","348947","=","750","nM","IC50","6","2062","Corticosteroid 11-beta-dehydrogenase isozyme 2","CC(=O)OC1CCC2(C)C(CCC3(C)C2C(=O)C=C2C4CC(C)(C(=O)O)CCC4(C)CCC23C)C1(C)C","P80365","2062","348947"
"348947","ACETOXOLONE","0.8095238208770752","73834","362612","348947","=","3780","nM","IC50","5","1120","Estradiol 17-beta-dehydrogenase 2","CC(=O)OC1CCC2(C)C(CCC3(C)C2C(=O)C=C2C4CC(C)(C(=O)O)CCC4(C)CCC23C)C1(C)C","P37059","1120","348947"
"348947","ACETOXOLONE","0.8095238208770752","73831","362606","348947","=","800","nM","IC50","6","2554","Corticosteroid 11-beta-dehydrogenase isozyme 1","CC(=O)OC1CCC2(C)C(CCC3(C)C2C(=O)C=C2C4CC(C)(C(=O)O)CCC4(C)CCC23C)C1(C)C","P28845","2554","348947"
"348947","ACETOXOLONE","0.8095238208770752","73832","362614","348947","=","3450","nM","IC50","5","2554","Corticosteroid 11-beta-dehydrogenase isozyme 1","CC(=O)OC1CCC2(C)C(CCC3(C)C2C(=O)C=C2C4CC(C)(C(=O)O)CCC4(C)CCC23C)C1(C)C","P28845","2554","348947"
"348947","ACETOXOLONE","0.8095238208770752","73838","674864","348947","=","7138","nM","IC50","5","2554","Corticosteroid 11-beta-dehydrogenase isozyme 1","CC(=O)OC1CCC2(C)C(CCC3(C)C2C(=O)C=C2C4CC(C)(C(=O)O)CCC4(C)CCC23C)C1(C)C","P28845","2554","348947"
"348947","ACETOXOLONE","0.8095238208770752","73839","735653","348947","=","7100","nM","IC50","5","2554","Corticosteroid 11-beta-dehydrogenase isozyme 1","CC(=O)OC1CCC2(C)C(CCC3(C)C2C(=O)C=C2C4CC(C)(C(=O)O)CCC4(C)CCC23C)C1(C)C","P28845","2554","348947"
"350732","None","0.8048780560493469","74879","371967","350732","=","455","nM","IC50","6","410","Estrogen receptor","CCCC12CCC(=O)C(C)=C1c1ccc(O)cc1C2","P03372","410","350732"
"350732","None","0.8048780560493469","74878","371968","350732","=","11","nM","IC50","8","317","Estrogen receptor beta","CCCC12CCC(=O)C(C)=C1c1ccc(O)cc1C2","Q92731","317","350732"
"350733","None","0.800000011920929","74881","371967","350733","=","1420","nM","IC50","6","410","Estrogen receptor","CC1=C2c3ccc(O)cc3CC2(C(C)C)CCC1=O","P03372","410","350733"
"350733","None","0.800000011920929","7488","371968","350733","=","123","nM","IC50","7","317","Estrogen receptor beta","CC1=C2c3ccc(O)cc3CC2(C(C)C)CCC1=O","Q92731","317","350733"
"350763","None","0.8048780560493469","74904","371967","350763","=","630","nM","IC50","6","410","Estrogen receptor","CCCCC12CCC(=O)C(C)=C1c1ccc(O)cc1C2","P03372","410","350763"
"350763","None","0.8048780560493469","74902","371970","350763","=","20","nM","EC50","8","317","Estrogen receptor beta","CCCCC12CCC(=O)C(C)=C1c1ccc(O)cc1C2","Q92731","317","350763"
"350763","None","0.8048780560493469","74903","371968","350763","=","16","nM","IC50","8","317","Estrogen receptor beta","CCCCC12CCC(=O)C(C)=C1c1ccc(O)cc1C2","Q92731","317","350763"
"350764","None","0.8500000238418579","74905","371967","350764","=","195","nM","IC50","7","410","Estrogen receptor","CC1=C2c3ccc(O)cc3CC2(CC(C)C)CCC1=O","P03372","410","350764"
"350764","None","0.8500000238418579","74906","371968","350764","=","20","nM","IC50","8","317","Estrogen receptor beta","CC1=C2c3ccc(O)cc3CC2(CC(C)C)CCC1=O","Q92731","317","350764"
"351036","None","0.8048780560493469","75103","371970","351036","=","2","nM","EC50","9","317","Estrogen receptor beta","CCCCC12CCC(=O)C(CC)=C1c1ccc(O)cc1C2","Q92731","317","351036"
"351036","None","0.8048780560493469","75104","371968","351036","=","13","nM","IC50","8","317","Estrogen receptor beta","CCCCC12CCC(=O)C(CC)=C1c1ccc(O)cc1C2","Q92731","317","351036"
"351036","None","0.8048780560493469","75105","371967","351036","=","264","nM","IC50","7","410","Estrogen receptor","CCCCC12CCC(=O)C(CC)=C1c1ccc(O)cc1C2","P03372","410","351036"
"351152","None","0.8048780560493469","75184","371968","351152","=","19","nM","IC50","8","317","Estrogen receptor beta","CCCCC12CCC(=O)C(C)=C1c1ccc(O)cc1C2","Q92731","317","351152"
"351152","None","0.8048780560493469","75185","405016","351152","=","19","nM","IC50","8","317","Estrogen receptor beta","CCCCC12CCC(=O)C(C)=C1c1ccc(O)cc1C2","Q92731","317","351152"
"351152","None","0.8048780560493469","75183","371967","351152","=","567","nM","IC50","6","410","Estrogen receptor","CCCCC12CCC(=O)C(C)=C1c1ccc(O)cc1C2","P03372","410","351152"
"351152","None","0.8048780560493469","75186","405015","351152","=","567","nM","IC50","6","410","Estrogen receptor","CCCCC12CCC(=O)C(C)=C1c1ccc(O)cc1C2","P03372","410","351152"
"351196","None","0.8048780560493469","75212","371968","351196","=","1810","nM","IC50","6","317","Estrogen receptor beta","CCCCC12CCC(=O)C(C)=C1c1ccc(O)cc1C2","Q92731","317","351196"
"356713","None","0.8048780560493469","79537","405015","356713","=","455","nM","IC50","6","410","Estrogen receptor","CCCC12CCC(=O)C(C)=C1c1ccc(O)cc1C2","P03372","410","356713"
"356713","None","0.8048780560493469","79536","405016","356713","=","14","nM","IC50","8","317","Estrogen receptor beta","CCCC12CCC(=O)C(C)=C1c1ccc(O)cc1C2","Q92731","317","356713"
"357131","None","0.8139534592628479","79694","912278","357131","=","2330","nM","IC50","6","1270","Tyrosine-protein phosphatase non-receptor type 1","CC1(C)CCC2(C(=O)O)CCC3(C)C(=CCC4C5(C)CCC(OC(=O)CC(C)(C)C(=O)O)C(C)(C)C5CCC43C)C2C1","P18031","1270","357131"
"357131","None","0.8139534592628479","79695","912278","357131","=","2330","nM","IC50","6","1270","Tyrosine-protein phosphatase non-receptor type 1","CC1(C)CCC2(C(=O)O)CCC3(C)C(=CCC4C5(C)CCC(OC(=O)CC(C)(C)C(=O)O)C(C)(C)C5CCC43C)C2C1","P18031","1270","357131"
"357131","None","0.8139534592628479","79693","557717","357131","=","12360","nM","IC50","5","1491","Tyrosine-protein phosphatase non-receptor type 6","CC1(C)CCC2(C(=O)O)CCC3(C)C(=CCC4C5(C)CCC(OC(=O)CC(C)(C)C(=O)O)C(C)(C)C5CCC43C)C2C1","P29350","1491","357131"
"364520","TESTOSTERONE","0.8684210777282715","85214","306232","364520","=","4","nM","IC50","8","187","Androgen receptor","CC12CCC(=O)C=C1CCC1C2CCC2(C)C(O)CCC12","P10275","187","364520"
"364520","TESTOSTERONE","0.8684210777282715","85215","332775","364520","=","3","nM","IC50","9","187","Androgen receptor","CC12CCC(=O)C=C1CCC1C2CCC2(C)C(O)CCC12","P10275","187","364520"
"364520","TESTOSTERONE","0.8684210777282715","8522","597019","364520","=","3","nM","EC50","9","187","Androgen receptor","CC12CCC(=O)C=C1CCC1C2CCC2(C)C(O)CCC12","P10275","187","364520"
"364520","TESTOSTERONE","0.8684210777282715","85221","854887","364520","=","5","nM","IC50","8","187","Androgen receptor","CC12CCC(=O)C=C1CCC1C2CCC2(C)C(O)CCC12","P10275","187","364520"
"364520","TESTOSTERONE","0.8684210777282715","85222","1468252","364520","=","100","%","Inhibition","","187","Androgen receptor","CC12CCC(=O)C=C1CCC1C2CCC2(C)C(O)CCC12","P10275","187","364520"
"364520","TESTOSTERONE","0.8684210777282715","85223","1468250","364520","=","4","nM","IC50","8","187","Androgen receptor","CC12CCC(=O)C=C1CCC1C2CCC2(C)C(O)CCC12","P10275","187","364520"
"364520","TESTOSTERONE","0.8684210777282715","85224","1468251","364520","=","4","nM","IC50","8","187","Androgen receptor","CC12CCC(=O)C=C1CCC1C2CCC2(C)C(O)CCC12","P10275","187","364520"
"364520","TESTOSTERONE","0.8684210777282715","85216","422532","364520","=","14","nM","IC50","8","1625","Sex hormone-binding globulin","CC12CCC(=O)C=C1CCC1C2CCC2(C)C(O)CCC12","P04278","1625","364520"
"364520","TESTOSTERONE","0.8684210777282715","85213","51899","364520","=","10000","nM","IC50","5","151","Cytochrome P450 3A4","CC12CCC(=O)C=C1CCC1C2CCC2(C)C(O)CCC12","P08684","151","364520"
"364520","TESTOSTERONE","0.8684210777282715","85217","511870","364520","=","95","%","Inhibition","","151","Cytochrome P450 3A4","CC12CCC(=O)C=C1CCC1C2CCC2(C)C(O)CCC12","P08684","151","364520"
"364520","TESTOSTERONE","0.8684210777282715","85218","511871","364520","=","99","%","Inhibition","","151","Cytochrome P450 3A4","CC12CCC(=O)C=C1CCC1C2CCC2(C)C(O)CCC12","P08684","151","364520"
"364520","TESTOSTERONE","0.8684210777282715","85219","511872","364520","=","97","%","Inhibition","","151","Cytochrome P450 3A4","CC12CCC(=O)C=C1CCC1C2CCC2(C)C(O)CCC12","P08684","151","364520"
"364520","TESTOSTERONE","0.8684210777282715","85225","1479166","364520","=","34","nM","IC50","7","261","Voltage-dependent L-type calcium channel subunit alpha-1C","CC12CCC(=O)C=C1CCC1C2CCC2(C)C(O)CCC12","Q13936","261","364520"
"364520","TESTOSTERONE","0.8684210777282715","85226","1479167","364520","=","38","nM","IC50","7","261","Voltage-dependent L-type calcium channel subunit alpha-1C","CC12CCC(=O)C=C1CCC1C2CCC2(C)C(O)CCC12","Q13936","261","364520"
"368123","BETA-SITOSTENONE","0.8157894611358643","87764","929744","368123","=","9400","nM","IC50","5","917","Cathepsin D","CCC(CCC(C)C1CCC2C3CC=C4CC(=O)CCC4(C)C3CCC12C)C(C)C","P07339","917","368123"
"378219","20-HYDROXYECDYSONE","0.8809523582458496","92855","1464282","378219","=","71","%","Inhibition","","228","Cholinesterase","CC(C)(O)CCC(O)C(C)(O)C1CCC2(O)C3=CC(=O)C4CC(O)C(O)CC4(C)C3CCC12C","P06276","228","378219"
"399107","None","0.8139534592628479","102826","449391","399107","=","600","nM","IC50","6","187","Androgen receptor","CC12CCC(=O)C=C1CC(CCCCCCCCCC(=O)O)C1C2CCC2(C)C1CCC2(C)O","P10275","187","399107"
"399107","None","0.8139534592628479","102827","449393","399107","=","2000","nM","IC50","6","187","Androgen receptor","CC12CCC(=O)C=C1CC(CCCCCCCCCC(=O)O)C1C2CCC2(C)C1CCC2(C)O","P10275","187","399107"
"399211","COROSOLIC ACID","0.8139534592628479","102863","609376","399211","=","810","nM","IC50","6","2554","Corticosteroid 11-beta-dehydrogenase isozyme 1","CC1CCC2(C(=O)O)CCC3(C)C(=CCC4C5(C)CC(O)C(O)C(C)(C)C5CCC43C)C2C1C","P28845","2554","399211"
"399211","COROSOLIC ACID","0.8139534592628479","102864","840475","399211","=","7000","nM","IC50","5","1270","Tyrosine-protein phosphatase non-receptor type 1","CC1CCC2(C(=O)O)CCC3(C)C(=CCC4C5(C)CC(O)C(O)C(C)(C)C5CCC43C)C2C1C","P18031","1270","399211"
"399211","COROSOLIC ACID","0.8139534592628479","102865","912278","399211","=","5490","nM","IC50","5","1270","Tyrosine-protein phosphatase non-receptor type 1","CC1CCC2(C(=O)O)CCC3(C)C(=CCC4C5(C)CC(O)C(O)C(C)(C)C5CCC43C)C2C1C","P18031","1270","399211"
"399211","COROSOLIC ACID","0.8139534592628479","102866","912278","399211","=","5490","nM","IC50","5","1270","Tyrosine-protein phosphatase non-receptor type 1","CC1CCC2(C(=O)O)CCC3(C)C(=CCC4C5(C)CC(O)C(O)C(C)(C)C5CCC43C)C2C1C","P18031","1270","399211"
"401214","None","0.800000011920929","103943","452324","401214","=","820","nM","IC50","6","2580","Hypoxia-inducible factor 1-alpha","CC1=CC(O)C(C(C)CCC2C(C)C3(C)CCC2(C)O3)CC1","Q16665","2580","401214"
"401215","None","0.800000011920929","103944","452324","401215","=","3400","nM","IC50","5","2580","Hypoxia-inducible factor 1-alpha","CC1=CC(O)C(C(C)CCC2C(C)C3(C)CCC2(C)O3)CC1","Q16665","2580","401215"
"410919","None","0.824999988079071","108347","455542","410919","=","2330","nM","IC50","6","410","Estrogen receptor","CCC12CCC(O)CC1=CCC1C2CCC2(C)C(O)CCC12","P03372","410","410919"
"410919","None","0.824999988079071","108348","455543","410919","=","16","nM","IC50","8","317","Estrogen receptor beta","CCC12CCC(O)CC1=CCC1C2CCC2(C)C(O)CCC12","Q92731","317","410919"
"410920","None","0.8205128312110901","108349","455542","410920","=","1956","nM","IC50","6","410","Estrogen receptor","CC=CC12CCC(O)CC1=CCC1C2CCC2(C)C(O)CCC12","P03372","410","410920"
"410920","None","0.8205128312110901","108351","455545","410920","=","344","nM","EC50","6","410","Estrogen receptor","CC=CC12CCC(O)CC1=CCC1C2CCC2(C)C(O)CCC12","P03372","410","410920"
"410920","None","0.8205128312110901","10835","455543","410920","=","16","nM","IC50","8","317","Estrogen receptor beta","CC=CC12CCC(O)CC1=CCC1C2CCC2(C)C(O)CCC12","Q92731","317","410920"
"410920","None","0.8205128312110901","108352","455546","410920","=","21","nM","EC50","8","317","Estrogen receptor beta","CC=CC12CCC(O)CC1=CCC1C2CCC2(C)C(O)CCC12","Q92731","317","410920"
"410921","None","0.8205128312110901","108353","455543","410921","=","782","nM","IC50","6","317","Estrogen receptor beta","C=CC12CCC(=O)C=C1CCC1C2CCC2(C)C(O)CCC12","Q92731","317","410921"
"410921","None","0.8205128312110901","108354","455546","410921","=","379","nM","EC50","6","317","Estrogen receptor beta","C=CC12CCC(=O)C=C1CCC1C2CCC2(C)C(O)CCC12","Q92731","317","410921"
"410921","None","0.8205128312110901","108355","458135","410921","=","780","nM","IC50","6","317","Estrogen receptor beta","C=CC12CCC(=O)C=C1CCC1C2CCC2(C)C(O)CCC12","Q92731","317","410921"
"410921","None","0.8205128312110901","108356","458137","410921","=","380","nM","EC50","6","317","Estrogen receptor beta","C=CC12CCC(=O)C=C1CCC1C2CCC2(C)C(O)CCC12","Q92731","317","410921"
"410922","None","0.800000011920929","108357","455543","410922","=","3020","nM","IC50","6","317","Estrogen receptor beta","C=CCC1C2=CCC3C(CCC4(C)C(O)CCC34)C2(C=C)CCC1O","Q92731","317","410922"
"410963","None","0.8205128312110901","108376","455545","410963","=","407","nM","EC50","6","410","Estrogen receptor","CC12CCC3C(CC=C4C5CCC43CCC5=O)C1CCC2O","P03372","410","410963"
"410963","None","0.8205128312110901","108375","455543","410963","=","1460","nM","IC50","6","317","Estrogen receptor beta","CC12CCC3C(CC=C4C5CCC43CCC5=O)C1CCC2O","Q92731","317","410963"
"410963","None","0.8205128312110901","108377","455546","410963","=","86","nM","EC50","7","317","Estrogen receptor beta","CC12CCC3C(CC=C4C5CCC43CCC5=O)C1CCC2O","Q92731","317","410963"
"413648","None","0.800000011920929","109952","458134","413648","=","5300","nM","IC50","5","410","Estrogen receptor","C=CC12CCC(C)(O)CC1=CCC1C2CCC2(C)C(O)CCC12","P03372","410","413648"
"413648","None","0.800000011920929","109953","458135","413648","=","255","nM","IC50","7","317","Estrogen receptor beta","C=CC12CCC(C)(O)CC1=CCC1C2CCC2(C)C(O)CCC12","Q92731","317","413648"
"413648","None","0.800000011920929","109954","458137","413648","=","240","nM","EC50","7","317","Estrogen receptor beta","C=CC12CCC(C)(O)CC1=CCC1C2CCC2(C)C(O)CCC12","Q92731","317","413648"
"413649","None","0.800000011920929","109955","458135","413649","=","2490","nM","IC50","6","317","Estrogen receptor beta","C=CC12CCC(C)(O)CC1=CCC1C2CCC2(C)C(O)CCC12","Q92731","317","413649"
"413652","None","0.800000011920929","109964","458135","413652","=","115","nM","IC50","7","317","Estrogen receptor beta","C=CC12CCC(CC)=CC1=CCC1C2CCC2(C)C(O)CCC12","Q92731","317","413652"
"413652","None","0.800000011920929","109965","458137","413652","=","565","nM","EC50","6","317","Estrogen receptor beta","C=CC12CCC(CC)=CC1=CCC1C2CCC2(C)C(O)CCC12","Q92731","317","413652"
"413652","None","0.800000011920929","109963","458134","413652","=","3110","nM","IC50","6","410","Estrogen receptor","C=CC12CCC(CC)=CC1=CCC1C2CCC2(C)C(O)CCC12","P03372","410","413652"
"413655","None","0.8205128312110901","109971","458134","413655","=","4380","nM","IC50","5","410","Estrogen receptor","C=CC12CCC(C)=CC1=CCC1C2CCC2(C)C1CCC2(C)O","P03372","410","413655"
"413655","None","0.8205128312110901","109972","458135","413655","=","53","nM","IC50","7","317","Estrogen receptor beta","C=CC12CCC(C)=CC1=CCC1C2CCC2(C)C1CCC2(C)O","Q92731","317","413655"
"413655","None","0.8205128312110901","109973","458137","413655","=","480","nM","EC50","6","317","Estrogen receptor beta","C=CC12CCC(C)=CC1=CCC1C2CCC2(C)C1CCC2(C)O","Q92731","317","413655"
"413657","None","0.800000011920929","109979","458135","413657","=","25","nM","IC50","8","317","Estrogen receptor beta","C=CC12CCC(O)CC1=CCC1C2CCC2(C)C1CCC2(C)O","Q92731","317","413657"
"413657","None","0.800000011920929","10998","458137","413657","=","190","nM","EC50","7","317","Estrogen receptor beta","C=CC12CCC(O)CC1=CCC1C2CCC2(C)C1CCC2(C)O","Q92731","317","413657"
"413657","None","0.800000011920929","109978","458134","413657","=","1050","nM","IC50","6","410","Estrogen receptor","C=CC12CCC(O)CC1=CCC1C2CCC2(C)C1CCC2(C)O","P03372","410","413657"
"413661","None","0.8421052694320679","109992","458135","413661","=","9","nM","IC50","8","317","Estrogen receptor beta","CC1=CC2=CCC3C(CCC4(C)C(O)CCC34)C2(C)CC1","Q92731","317","413661"
"413661","None","0.8421052694320679","109994","458137","413661","=","220","nM","EC50","7","317","Estrogen receptor beta","CC1=CC2=CCC3C(CCC4(C)C(O)CCC34)C2(C)CC1","Q92731","317","413661"
"413661","None","0.8421052694320679","109991","458134","413661","=","110","nM","IC50","7","410","Estrogen receptor","CC1=CC2=CCC3C(CCC4(C)C(O)CCC34)C2(C)CC1","P03372","410","413661"
"413661","None","0.8421052694320679","109993","458136","413661","=","540","nM","EC50","6","410","Estrogen receptor","CC1=CC2=CCC3C(CCC4(C)C(O)CCC34)C2(C)CC1","P03372","410","413661"
"419375","UVAOL","0.8095238208770752","112708","539060","419375","=","15600","nM","IC50","5","1270","Tyrosine-protein phosphatase non-receptor type 1","CC1CCC2(CO)CCC3(C)C(=CCC4C5(C)CCC(O)C(C)(C)C5CCC43C)C2C1C","P18031","1270","419375"
"419378","ERYTHRODIOL","0.8095238208770752","112709","1443130","419378","=","85","%","Inhibition","","1270","Tyrosine-protein phosphatase non-receptor type 1","CC1(C)CCC2(CO)CCC3(C)C(=CCC4C5(C)CCC(O)C(C)(C)C5CCC43C)C2C1","P18031","1270","419378"
"419378","ERYTHRODIOL","0.8095238208770752","11271","1443132","419378","=","9600","nM","IC50","5","1270","Tyrosine-protein phosphatase non-receptor type 1","CC1(C)CCC2(CO)CCC3(C)C(=CCC4C5(C)CCC(O)C(C)(C)C5CCC43C)C2C1","P18031","1270","419378"
"428561","METHYL URSOLATE","0.8095238208770752","116331","929744","428561","=","4","ug.mL-1","IC50","","917","Cathepsin D","COC(=O)C12CCC(C)C(C)C1C1=CCC3C4(C)CCC(O)C(C)(C)C4CCC3(C)C1(C)CC2","P07339","917","428561"
"442497","OLEANONIC ACID","0.8500000238418579","122363","539060","442497","=","3500","nM","IC50","5","1270","Tyrosine-protein phosphatase non-receptor type 1","CC1(C)CCC2(C(=O)O)CCC3(C)C(=CCC4C5(C)CCC(=O)C(C)(C)C5CCC43C)C2C1","P18031","1270","442497"
"442497","OLEANONIC ACID","0.8500000238418579","122364","912278","442497","=","5320","nM","IC50","5","1270","Tyrosine-protein phosphatase non-receptor type 1","CC1(C)CCC2(C(=O)O)CCC3(C)C(=CCC4C5(C)CCC(=O)C(C)(C)C5CCC43C)C2C1","P18031","1270","442497"
"442497","OLEANONIC ACID","0.8500000238418579","122365","912278","442497","=","5320","nM","IC50","5","1270","Tyrosine-protein phosphatase non-receptor type 1","CC1(C)CCC2(C(=O)O)CCC3(C)C(=CCC4C5(C)CCC(=O)C(C)(C)C5CCC43C)C2C1","P18031","1270","442497"
"442569","POMOLIC ACID","0.8095238208770752","122368","539060","442569","=","3900","nM","IC50","5","1270","Tyrosine-protein phosphatase non-receptor type 1","CC1CCC2(C(=O)O)CCC3(C)C(=CCC4C5(C)CCC(O)C(C)(C)C5CCC43C)C2C1(C)O","P18031","1270","442569"
"443686","None","0.8974359035491943","122445","551128","443686","=","30","nM","EC50","8","1138","Oxysterols receptor LXR-alpha","CC(C)=CCCC(C)C1CC(O)C2(C)C3=CCC4C(C)(CCC(O)C4(C)C)C3=CCC12C","Q13133","1138","443686"
"443709","None","0.8333333134651184","122447","551128","443709","=","450","nM","EC50","6","1138","Oxysterols receptor LXR-alpha","CC(C)C(C)C1(C)CC1C(C)C1CCC2C3CC=C4CC(O)CCC4(C)C3(O)C(O)CC12C","Q13133","1138","443709"
"445992","ACETYL OLEANOLIC ACID","0.8095238208770752","122548","1443130","445992","=","85","%","Inhibition","","1270","Tyrosine-protein phosphatase non-receptor type 1","CC(=O)OC1CCC2(C)C(CCC3(C)C2CC=C2C4CC(C)(C)CCC4(C(=O)O)CCC23C)C1(C)C","P18031","1270","445992"
"446022","METHYL OLEANOLATE","0.8095238208770752","122549","912278","446022","=","4440","nM","IC50","5","1270","Tyrosine-protein phosphatase non-receptor type 1","COC(=O)C12CCC(C)(C)CC1C1=CCC3C4(C)CCC(O)C(C)(C)C4CCC3(C)C1(C)CC2","P18031","1270","446022"
"446022","METHYL OLEANOLATE","0.8095238208770752","12255","912278","446022","=","4440","nM","IC50","5","1270","Tyrosine-protein phosphatase non-receptor type 1","COC(=O)C12CCC(C)(C)CC1C1=CCC3C4(C)CCC(O)C(C)(C)C4CCC3(C)C1(C)CC2","P18031","1270","446022"
"452064","URSONIC ACID","0.8500000238418579","124383","929744","452064","=","6","ug.mL-1","IC50","","917","Cathepsin D","CC1CCC2(C(=O)O)CCC3(C)C(=CCC4C5(C)CCC(=O)C(C)(C)C5CCC43C)C2C1C","P07339","917","452064"
"453615","None","0.8536585569381714","125058","557717","453615","=","5200","nM","IC50","5","1491","Tyrosine-protein phosphatase non-receptor type 6","CC1(C)CCC2(CCCCC(=O)O)CCC3(C)C(=CCC4C5(C)CCC(O)C(C)(C)C5CCC43C)C2C1","P29350","1491","453615"
"453795","None","0.800000011920929","125105","912278","453795","=","2890","nM","IC50","6","1270","Tyrosine-protein phosphatase non-receptor type 1","CCOC(=O)C(=O)OC1CCC2(C)C(CCC3(C)C2CC=C2C4CC(C)(C)CCC4(C(=O)O)CCC23C)C1(C)C","P18031","1270","453795"
"453795","None","0.800000011920929","125106","912278","453795","=","2890","nM","IC50","6","1270","Tyrosine-protein phosphatase non-receptor type 1","CCOC(=O)C(=O)OC1CCC2(C)C(CCC3(C)C2CC=C2C4CC(C)(C)CCC4(C(=O)O)CCC23C)C1(C)C","P18031","1270","453795"
"453796","None","0.8139534592628479","125107","912278","453796","=","2860","nM","IC50","6","1270","Tyrosine-protein phosphatase non-receptor type 1","CC1(C)CCC2(C(=O)O)CCC3(C)C(=CCC4C5(C)CCC(OC(=O)C(=O)O)C(C)(C)C5CCC43C)C2C1","P18031","1270","453796"
"453796","None","0.8139534592628479","125108","912278","453796","=","2860","nM","IC50","6","1270","Tyrosine-protein phosphatase non-receptor type 1","CC1(C)CCC2(C(=O)O)CCC3(C)C(=CCC4C5(C)CCC(OC(=O)C(=O)O)C(C)(C)C5CCC43C)C2C1","P18031","1270","453796"
"464416","CLAVARINONE","0.8809523582458496","128126","70584","464416","=","8000","nM","IC50","5","760","Protein farnesyltransferase/geranylgeranyltransferase type-1 subunit alpha","CC(CCC(O)C(C)(C)O)C1CCC2(C)C3=C(CCC12C)C1(C)CC(O)C(=O)C(C)(C)C1CC3","P49354","760","464416"
"464416","CLAVARINONE","0.8809523582458496","128125","70584","464416","=","8000","nM","IC50","5","985","Protein farnesyltransferase subunit beta","CC(CCC(O)C(C)(C)O)C1CCC2(C)C3=C(CCC12C)C1(C)CC(O)C(=O)C(C)(C)C1CC3","P49356","985","464416"
"465729","MOROLIC ACID","0.8292682766914368","128161","848284","465729","=","13400","nM","IC50","5","3218","Low molecular weight phosphotyrosine protein phosphatase","CC1(C)C=C2C3CCC4C5(C)CCC(O)C(C)(C)C5CCC4(C)C3(C)CCC2(C(=O)O)CC1","P24666","3218","465729"
"465729","MOROLIC ACID","0.8292682766914368","12816","848283","465729","=","9100","nM","IC50","5","1270","Tyrosine-protein phosphatase non-receptor type 1","CC1(C)C=C2C3CCC4C5(C)CCC(O)C(C)(C)C5CCC4(C)C3(C)CCC2(C(=O)O)CC1","P18031","1270","465729"
"477093","None","0.8292682766914368","133919","607155","477093","=","99","%","Inhibition","","2062","Corticosteroid 11-beta-dehydrogenase isozyme 2","CC1(C(=O)O)CCC2(C)CCC3(C)C(=CC(=O)C4C5(C)CCC(=O)C(C)(C)C5CCC43C)C2C1","P80365","2062","477093"
"477093","None","0.8292682766914368","13392","674863","477093","=","329","nM","IC50","6","2062","Corticosteroid 11-beta-dehydrogenase isozyme 2","CC1(C(=O)O)CCC2(C)CCC3(C)C(=CC(=O)C4C5(C)CCC(=O)C(C)(C)C5CCC43C)C2C1","P80365","2062","477093"
"477093","None","0.8292682766914368","133921","674864","477093","=","619","nM","IC50","6","2554","Corticosteroid 11-beta-dehydrogenase isozyme 1","CC1(C(=O)O)CCC2(C)CCC3(C)C(=CC(=O)C4C5(C)CCC(=O)C(C)(C)C5CCC43C)C2C1","P28845","2554","477093"
"482272","None","0.8999999761581421","135908","1446026","482272","=","13160","nM","IC50","5","629","Peptidyl-prolyl cis-trans isomerase NIMA-interacting 1","CC(C)=CCCC(C(=O)O)C1CCC2(C)C3=C(CCC12C)C1(C)CCC(=O)C(C)(C)C1CC3","Q13526","629","482272"
"482870","MORONIC ACID","0.8500000238418579","135937","848283","482870","=","13200","nM","IC50","5","1270","Tyrosine-protein phosphatase non-receptor type 1","CC1(C)C=C2C3CCC4C5(C)CCC(=O)C(C)(C)C5CCC4(C)C3(C)CCC2(C(=O)O)CC1","P18031","1270","482870"
"485158","None","0.8461538553237915","136037","506947","485158","=","17500","nM","IC50","5","100","DNA topoisomerase 2-alpha","CC1(C)CCC2(C)CC(O)C3(C)C(=CCC4C5(C)CCC(O)C(C)(C)C5CCC43C)C2C1","P11388","100","485158"
"485221","None","0.8500000238418579","13605","1445877","485221","=","10340","nM","IC50","5","1270","Tyrosine-protein phosphatase non-receptor type 1","C=CC(O)(CCC(C)C1CCC2C3CC=C4CC(O)CCC4(C)C3CCC12C)C(C)C","P18031","1270","485221"
"501186","None","0.8974359035491943","140435","1451836","501186","=","3400","nM","EC50","5","362","Niemann-Pick C1-like protein 1","CC(C)CCCC(C)C1CCC2C3C(O)C=C4CC(O)CCC4(C)C3CCC12C","Q9UHC9","362","501186"
"502356","None","0.8222222328186035","140762","528388","502356","=","5500","nM","IC50","5","2348","C-X-C chemokine receptor type 1","CC(=O)OC1CCC2(C)C3=C(C(OC(C)=O)C(OC(C)=O)C2(O)C1)C1CCC(C(C)CCCC(C)C)C1(C)CC3O","P25024","2348","502356"
"503982","CALICOFEROL A","0.800000011920929","140833","790772","503982","=","2420","nM","IC50","6","281","Insulin-like growth factor 1 receptor","Cc1ccc(O)cc1CCC1C(=O)CCC2(C)C(C(C)C=CCC(C)C)CCC12","P08069","281","503982"
"503982","CALICOFEROL A","0.800000011920929","140831","790770","503982","=","14700","nM","IC50","5","3211","Tyrosine-protein kinase receptor UFO","Cc1ccc(O)cc1CCC1C(=O)CCC2(C)C(C(C)C=CCC(C)C)CCC12","P30530","3211","503982"
"503982","CALICOFEROL A","0.800000011920929","140834","790780","503982","=","2240","nM","IC50","6","345","Proto-oncogene tyrosine-protein kinase Src","Cc1ccc(O)cc1CCC1C(=O)CCC2(C)C(C(C)C=CCC(C)C)CCC12","P12931","345","503982"
"503982","CALICOFEROL A","0.800000011920929","14083","790767","503982","=","4160","nM","IC50","5","2566","ALK tyrosine kinase receptor","Cc1ccc(O)cc1CCC1C(=O)CCC2(C)C(C(C)C=CCC(C)C)CCC12","Q9UM73","2566","503982"
"503982","CALICOFEROL A","0.800000011920929","140832","790771","503982","=","9920","nM","IC50","5","1031","Focal adhesion kinase 1","Cc1ccc(O)cc1CCC1C(=O)CCC2(C)C(C(C)C=CCC(C)C)CCC12","Q05397","1031","503982"
"503982","CALICOFEROL A","0.800000011920929","140835","790781","503982","=","4600","nM","IC50","5","359","Vascular endothelial growth factor receptor 2","Cc1ccc(O)cc1CCC1C(=O)CCC2(C)C(C(C)C=CCC(C)C)CCC12","P35968","359","503982"
"507988","AUGUSTIC ACID","0.8139534592628479","141469","588941","507988","=","4930","nM","IC50","5","1270","Tyrosine-protein phosphatase non-receptor type 1","CC1(C)CCC2(C(=O)O)CCC3(C)C(=CCC4C5(C)CC(O)C(O)C(C)(C)C5CCC43C)C2C1","P18031","1270","507988"
"576506","None","0.8095238208770752","15577","598198","576506","=","0","nM","ED50","","300","Vitamin D3 receptor","[H]OC1CC(C=CC2=CCCC3(C)C2CCC3C(C)CCCC(C)(C)O[H])=C(C)C(O[H])C1","P11473","300","576506"
"576515","None","0.8095238208770752","15578","598198","576515","=","0","nM","ED50","","300","Vitamin D3 receptor","CC1=C(C=CC2=CCCC3(C)C2CCC3C(C)CCCC(C)(C)O)CC(O)C(C)C1O","P11473","300","576515"
"577323","BETA-ELEMONIC ACID","0.8999999761581421","156062","1362163","577323","=","900","nM","IC50","6","3968","Prostaglandin E synthase","CC(C)=CCCC(C(=O)O)C1CCC2(C)C3=C(CCC12C)C1(C)CCC(=O)C(C)(C)C1CC3","O14684","3968","577323"
"603093","GANODERIC ACID A","0.8372092843055725","164776","609379","603093","=","76","%","Inhibition","","2062","Corticosteroid 11-beta-dehydrogenase isozyme 2","CC(CC(=O)CC(C)C1CC(O)C2(C)C3=C(C(=O)CC12C)C1(C)CCC(=O)C(C)(C)C1CC3O)C(=O)O","P80365","2062","603093"
"603160","11-OXOURSOLIC ACID ACETATE","0.8095238208770752","164824","609376","603160","=","1350","nM","IC50","6","2554","Corticosteroid 11-beta-dehydrogenase isozyme 1","CC(=O)OC1CCC2(C)C(CCC3(C)C2C(=O)C=C2C4C(C)C(C)CCC4(C(=O)O)CCC23C)C1(C)C","P28845","2554","603160"
"617641","None","0.8684210777282715","168323","829834","617641","=","93","%","Inhibition","","301","Aromatase","CC12CCC3C(CCC4=CC(O)CCC43C)C1CCC2=O","P11511","301","617641"
"617641","None","0.8684210777282715","168324","829836","617641","=","183","nM","IC50","7","301","Aromatase","CC12CCC3C(CCC4=CC(O)CCC43C)C1CCC2=O","P11511","301","617641"
"618514","None","0.8500000238418579","168552","358378","618514","=","6800","nM","IC50","5","1270","Tyrosine-protein phosphatase non-receptor type 1","CC1(C)CCC2(C)CCC3(C(=O)O)C(=CCC4C5(C)CCC(=O)C(C)(C)C5CCC43C)C2C1","P18031","1270","618514"
"674568","RIMEXOLONE","0.8292682766914368","176491","1487563","674568","=","400","nM","EC50","6","1723","Nuclear receptor subfamily 1 group I member 2","CCC(=O)C1(C)C(C)CC2C3CCC4=CC(=O)C=CC4(C)C3C(O)CC21C","O75469","1723","674568"
"674568","RIMEXOLONE","0.8292682766914368","176492","1487564","674568","=","4000","nM","EC50","5","1723","Nuclear receptor subfamily 1 group I member 2","CCC(=O)C1(C)C(C)CC2C3CCC4=CC(=O)C=CC4(C)C3C(O)CC21C","O75469","1723","674568"
"674568","RIMEXOLONE","0.8292682766914368","176493","1487565","674568","=","1600","nM","EC50","6","1723","Nuclear receptor subfamily 1 group I member 2","CCC(=O)C1(C)C(C)CC2C3CCC4=CC(=O)C=CC4(C)C3C(O)CC21C","O75469","1723","674568"
"674568","RIMEXOLONE","0.8292682766914368","176494","1487572","674568","=","2500","nM","EC50","6","1723","Nuclear receptor subfamily 1 group I member 2","CCC(=O)C1(C)C(C)CC2C3CCC4=CC(=O)C=CC4(C)C3C(O)CC21C","O75469","1723","674568"
"695599","None","0.8974359035491943","180125","1331800","695599","=","20","nM","EC50","8","5336","Nuclear receptor ROR-gamma","CC(C)CCCC(C)(O)C1CCC2C3CC=C4CC(O)CCC4(C)C3CCC21C","P51449","5336","695599"
"695599","None","0.8974359035491943","180126","1442780","695599","=","20","nM","EC50","8","5336","Nuclear receptor ROR-gamma","CC(C)CCCC(C)(O)C1CCC2C3CC=C4CC(O)CCC4(C)C3CCC21C","P51449","5336","695599"
"702481","None","0.8974359035491943","180836","1331800","702481","=","20","nM","EC50","8","5336","Nuclear receptor ROR-gamma","CC(C)CCC(O)C(C)C1CCC2C3CC=C4CC(O)CCC4(C)C3CCC12C","P51449","5336","702481"
"702481","None","0.8974359035491943","180837","1451836","702481","=","2900","nM","EC50","6","362","Niemann-Pick C1-like protein 1","CC(C)CCC(O)C(C)C1CCC2C3CC=C4CC(O)CCC4(C)C3CCC12C","Q9UHC9","362","702481"
"714161","7-OXOCHOLESTEROL","0.9210526347160339","184296","1451836","714161","=","8700","nM","EC50","5","362","Niemann-Pick C1-like protein 1","CC(C)CCCC(C)C1CCC2C3C(=O)C=C4CC(O)CCC4(C)C3CCC12C","Q9UHC9","362","714161"
"987130","None","0.824999988079071","199461","990494","987130",">","70","%","Inhibition","","2062","Corticosteroid 11-beta-dehydrogenase isozyme 2","CC(=O)C1CCC2C3CCC4=CC(=O)CCC4(C)C3C(O)CC12C","P80365","2062","987130"
"987130","None","0.824999988079071","199463","990496","987130","=","400","nM","IC50","6","2062","Corticosteroid 11-beta-dehydrogenase isozyme 2","CC(=O)C1CCC2C3CCC4=CC(=O)CCC4(C)C3C(O)CC12C","P80365","2062","987130"
"987130","None","0.824999988079071","19946","990493","987130",">","70","%","Inhibition","","2554","Corticosteroid 11-beta-dehydrogenase isozyme 1","CC(=O)C1CCC2C3CCC4=CC(=O)CCC4(C)C3C(O)CC12C","P28845","2554","987130"
"987130","None","0.824999988079071","199462","990495","987130","=","630","nM","IC50","6","2554","Corticosteroid 11-beta-dehydrogenase isozyme 1","CC(=O)C1CCC2C3CCC4=CC(=O)CCC4(C)C3C(O)CC12C","P28845","2554","987130"
"992799","None","0.875","199801","737090","992799","=","5450","nM","IC50","5","5485","Cysteine protease ATG4B","CC(=CCCC(C)C1CCC2(C)C3=C(CCC12C)C1(C)CCC(=O)C(C)(C)C1CC3)C(=O)O","Q9Y4P1","5485","992799"
"1050687","None","0.800000011920929","202263","333615","1050687","=","82","%","Inhibition","","1505","Estradiol 17-beta-dehydrogenase 1","CC(C)(C)C=C1CC2C3CCc4cc(O)ccc4C3CCC2(C)C1=O","P14061","1505","1050687"
"1050900","None","0.800000011920929","202284","333615","1050900","=","71","%","Inhibition","","1505","Estradiol 17-beta-dehydrogenase 1","CC(C)C=C1CC2C3CCc4cc(O)ccc4C3CCC2(C)C1=O","P14061","1505","1050900"
"1051656","None","0.824999988079071","202352","50722","1051656","=","270","nM","IC50","7","301","Aromatase","CC12CCC3C(CCC4=CCCCC43CO)C1CCC2=O","P11511","301","1051656"
"1051656","None","0.824999988079071","202353","696883","1051656","=","49","nM","IC50","7","301","Aromatase","CC12CCC3C(CCC4=CCCCC43CO)C1CCC2=O","P11511","301","1051656"
"1051657","None","0.8421052694320679","202354","696883","1051657","=","190","nM","IC50","7","301","Aromatase","CC12CCC3C(CC(O)C4=CCCCC43C)C1CCC2=O","P11511","301","1051657"
"1052333","None","0.8421052694320679","202535","696883","1052333","=","50","nM","IC50","7","301","Aromatase","CC12CCC3C(CC(O)C4=CCCCC43C)C1CCC2=O","P11511","301","1052333"
"1052340","None","0.8684210777282715","202542","696883","1052340","=","280","nM","IC50","7","301","Aromatase","CC12CCC3C(CC=C4C(O)CCCC43C)C1CCC2=O","P11511","301","1052340"
"1052344","None","0.8684210777282715","202546","696883","1052344","=","860","nM","IC50","6","301","Aromatase","CC12CCC3C(CC=C4C(O)CCCC43C)C1CCC2=O","P11511","301","1052344"
"1053242","None","0.824999988079071","202841","696883","1053242","=","6900","nM","IC50","5","301","Aromatase","CC12CCC3C(CC=C4CCCCC43CO)C1CCC2=O","P11511","301","1053242"
"1140603","None","0.8048780560493469","212703","305519","1140603","=","200","nM","IC50","7","2798","Nitric oxide synthase, inducible","CC1(C)CCC2(C(=O)O)CCC3(C)C(C(=O)C=C4C5(C)C=CC(=O)C(C)(C)C5CCC43C)C2C1","P35228","2798","1140603"
"1248554","None","0.8139534592628479","226009","830110","1248554","=","5300","nM","IC50","5","3643","Glucose-6-phosphate 1-dehydrogenase","CC12CCC(O)CC1=CCC1C2CCC2(C)C(C(=O)CO)CCC12","P11413","3643","1248554"
"1265818","None","0.8292682766914368","229123","790780","1265818","=","1480","nM","IC50","6","345","Proto-oncogene tyrosine-protein kinase Src","C=C(CCC(C)C1CCC2C(CCc3cc(O)ccc3C)C(=O)CCC12C)C(C)C","P12931","345","1265818"
"1265818","None","0.8292682766914368","22912","790767","1265818","=","4360","nM","IC50","5","2566","ALK tyrosine kinase receptor","C=C(CCC(C)C1CCC2C(CCc3cc(O)ccc3C)C(=O)CCC12C)C(C)C","Q9UM73","2566","1265818"
"1265818","None","0.8292682766914368","229121","790771","1265818","=","10700","nM","IC50","5","1031","Focal adhesion kinase 1","C=C(CCC(C)C1CCC2C(CCc3cc(O)ccc3C)C(=O)CCC12C)C(C)C","Q05397","1031","1265818"
"1265818","None","0.8292682766914368","229124","790781","1265818","=","4850","nM","IC50","5","359","Vascular endothelial growth factor receptor 2","C=C(CCC(C)C1CCC2C(CCc3cc(O)ccc3C)C(=O)CCC12C)C(C)C","P35968","359","1265818"
"1265818","None","0.8292682766914368","229122","790772","1265818","=","2300","nM","IC50","6","281","Insulin-like growth factor 1 receptor","C=C(CCC(C)C1CCC2C(CCc3cc(O)ccc3C)C(=O)CCC12C)C(C)C","P08069","281","1265818"
"1353398","None","0.8500000238418579","245837","830110","1353398","=","15800","nM","IC50","5","3643","Glucose-6-phosphate 1-dehydrogenase","CC12CCC3C(CC=C4CC(O)CCC43C)C1CC(O)C2=O","P11413","3643","1353398"
"1355485","None","0.804347813129425","246874","1447520","1355485","=","82","%","Inhibition","","4847","Progesterone receptor","CC(=O)OC(CC(C)C1=C2CC(O)C3C4(C)CCC(=O)C(C)(C)C4CCC3(C)C2(C)CC1)C(O)C(C)(C)O","P06401","4847","1355485"
"1356545","None","0.800000011920929","247477","831490","1356545","=","6800","nM","IC50","5","1270","Tyrosine-protein phosphatase non-receptor type 1","CC(C)C1C(O)C(O)C2C1(CO)CCC1(C)C3C(=CCC21C)C1=C(CC3O)C(C)(C)C(O)CC1","P18031","1270","1356545"
"1356546","None","0.8181818127632141","247478","831490","1356546","=","6800","nM","IC50","5","1270","Tyrosine-protein phosphatase non-receptor type 1","CC(C)C1CC(=O)C2C1(CO)CCC1(C)C3C(=CCC21C)C1=C(CC3O)C(C)(C)C(O)CC1","P18031","1270","1356546"
"1432156","None","0.800000011920929","257569","864295","1432156","=","90","%","Inhibition","","164","3-oxo-5-alpha-steroid 4-dehydrogenase 2","CC12CCC3C4CCC(C(=O)O)=CC4=CCC3C1CCC2=O","P31213","164","1432156"
"1432156","None","0.800000011920929","25757","864296","1432156","=","213","nM","IC50","7","164","3-oxo-5-alpha-steroid 4-dehydrogenase 2","CC12CCC3C4CCC(C(=O)O)=CC4=CCC3C1CCC2=O","P31213","164","1432156"
"1432156","None","0.800000011920929","257571","864297","1432156","=","100","%","Inhibition","","164","3-oxo-5-alpha-steroid 4-dehydrogenase 2","CC12CCC3C4CCC(C(=O)O)=CC4=CCC3C1CCC2=O","P31213","164","1432156"
"1432156","None","0.800000011920929","257572","864441","1432156","=","82","%","Inhibition","","78","3-oxo-5-alpha-steroid 4-dehydrogenase 1","CC12CCC3C4CCC(C(=O)O)=CC4=CCC3C1CCC2=O","P18405","78","1432156"
"1472570","None","0.824999988079071","263572","903408","1472570","=","99","%","Inhibition","","943","Lysosomal alpha-glucosidase","CCC(C=CC(C)C1CCC2C3CC=C4CC(OC(C)=O)CCC4(C)C3CCC12C)C(C)C","P10253","943","1472570"
"1510590","None","0.8421052694320679","264768","306232","1510590","=","0","nM","IC50","10","187","Androgen receptor","CC12CCC3=C4CCC(=O)C=C4CCC3C1CCC2O","P10275","187","1510590"
"1516337","None","0.8157894611358643","269763","939686","1516337","=","15300","nM","IC50","5","1270","Tyrosine-protein phosphatase non-receptor type 1","C=C(CCC(C)C1CCC2C3CCC4=CC(=O)CCC4(C)C3CCC12C)C(C)C","P18031","1270","1516337"
"1561539","None","0.8292682766914368","282129","958850","1561539","=","8320","nM","EC50","5","410","Estrogen receptor","CC(=CC(=O)CC(C)C1(C)CCC2(C)C3=CCC4C(C)(C)C(=O)CCC4(C)C3CCC21)C(=O)O","P03372","410","1561539"
"1561539","None","0.8292682766914368","28213","958849","1561539","=","2760","nM","EC50","6","317","Estrogen receptor beta","CC(=CC(=O)CC(C)C1(C)CCC2(C)C3=CCC4C(C)(C)C(=O)CCC4(C)C3CCC21)C(=O)O","Q92731","317","1561539"
"1561540","None","0.8372092843055725","282131","958850","1561540","=","12570","nM","EC50","5","410","Estrogen receptor","CC(=CC(=O)CC(C)C1(C)CCC2(C)C3=CCC4C(C)(C)C(O)CCC4(C)C3CC=C21)C(=O)O","P03372","410","1561540"
"1561540","None","0.8372092843055725","282132","958849","1561540","=","17690","nM","EC50","5","317","Estrogen receptor beta","CC(=CC(=O)CC(C)C1(C)CCC2(C)C3=CCC4C(C)(C)C(O)CCC4(C)C3CC=C21)C(=O)O","Q92731","317","1561540"
"1573485","None","0.8780487775802612","290348","974620","1573485","=","3740","nM","IC50","5","2554","Corticosteroid 11-beta-dehydrogenase isozyme 1","CC(C)=CC(=O)C(O)C(C)C1CCC2(C)C3=CCC4C(C)(C)C(O)CCC4(C)C3CC(O)C12C","P28845","2554","1573485"
"1577766","5alpha-CHOLESTAN-3beta-OL-6-ONE","0.8157894611358643","292679","1451836","1577766","=","3400","nM","EC50","5","362","Niemann-Pick C1-like protein 1","CC(C)CCCC(C)C1CCC2C3CC(=O)C4CC(O)CCC4(C)C3CCC12C","Q9UHC9","362","1577766"
"1583584","None","0.8292682766914368","296796","984626","1583584","=","10900","nM","IC50","5","301","Aromatase","CC12CCC(=O)C(O)=C1CCC1C2C(O)CC2(C)C(O)CCC12","P11511","301","1583584"
"1587396","11BETA-HYDROXYPROGESTERONE","0.824999988079071","298562","990494","1587396",">","70","%","Inhibition","","2062","Corticosteroid 11-beta-dehydrogenase isozyme 2","CC(=O)C1CCC2C3CCC4=CC(=O)CCC4(C)C3C(O)CC12C","P80365","2062","1587396"
"1587396","11BETA-HYDROXYPROGESTERONE","0.824999988079071","298564","990496","1587396","=","490","nM","IC50","6","2062","Corticosteroid 11-beta-dehydrogenase isozyme 2","CC(=O)C1CCC2C3CCC4=CC(=O)CCC4(C)C3C(O)CC12C","P80365","2062","1587396"
"1587396","11BETA-HYDROXYPROGESTERONE","0.824999988079071","298559","990490","1587396","=","50","nM","EC50","7","324","Mineralocorticoid receptor","CC(=O)C1CCC2C3CCC4=CC(=O)CCC4(C)C3C(O)CC12C","P08235","324","1587396"
"1587396","11BETA-HYDROXYPROGESTERONE","0.824999988079071","29856","990492","1587396","=","14000","nM","EC50","5","324","Mineralocorticoid receptor","CC(=O)C1CCC2C3CCC4=CC(=O)CCC4(C)C3C(O)CC12C","P08235","324","1587396"
"1587396","11BETA-HYDROXYPROGESTERONE","0.824999988079071","298561","990493","1587396",">","70","%","Inhibition","","2554","Corticosteroid 11-beta-dehydrogenase isozyme 1","CC(=O)C1CCC2C3CCC4=CC(=O)CCC4(C)C3C(O)CC12C","P28845","2554","1587396"
"1587396","11BETA-HYDROXYPROGESTERONE","0.824999988079071","298563","990495","1587396","=","1160","nM","IC50","6","2554","Corticosteroid 11-beta-dehydrogenase isozyme 1","CC(=O)C1CCC2C3CCC4=CC(=O)CCC4(C)C3C(O)CC12C","P28845","2554","1587396"
"1627396","None","0.8157894611358643","312449","307556","1627396","=","89","%","Inhibition","","2553","Testosterone 17-beta-dehydrogenase 3","CC12CCC3C(CCC4CC(O)(C(C)(C)C)CCC43C)C1CCC2=O","P37058","2553","1627396"
"1627396","None","0.8157894611358643","31245","308057","1627396","=","93","%","Inhibition","","2553","Testosterone 17-beta-dehydrogenase 3","CC12CCC3C(CCC4CC(O)(C(C)(C)C)CCC43C)C1CCC2=O","P37058","2553","1627396"
"1627396","None","0.8157894611358643","312451","306489","1627396","=","142","nM","IC50","7","2553","Testosterone 17-beta-dehydrogenase 3","CC12CCC3C(CCC4CC(O)(C(C)(C)C)CCC43C)C1CCC2=O","P37058","2553","1627396"
"1678302","None","0.8048780560493469","313001","1487572","1678302","=","11200","nM","EC50","5","1723","Nuclear receptor subfamily 1 group I member 2","CC(C)CCC(=O)OC1CCC2C3CCC4=CC(=O)CCC4(C)C3CCC12C","O75469","1723","1678302"
"1725300","None","0.8095238208770752","316198","1331800","1725300","=","20","nM","EC50","8","5336","Nuclear receptor ROR-gamma","CC(CO)CCCC(C)C1CCC2C3CC=C4CC(O)CCC4(C)C3CCC12C","P51449","5336","1725300"
"1759640","None","0.8780487775802612","326518","1362163","1759640","=","1100","nM","IC50","6","3968","Prostaglandin E synthase","CC(C)=CCCC(C(=O)O)C1CCC2(C)C3=C(CCC12C)C1(C)CCC(O)C(C)(C)C1CC3","O14684","3968","1759640"
"1759641","None","0.8571428656578064","326519","1362163","1759641","=","400","nM","IC50","6","3968","Prostaglandin E synthase","CC(=O)OC1CCC2(C)C3=C(CCC2C1(C)C)C1(C)CCC(C(CCC=C(C)C)C(=O)O)C1(C)CC3","O14684","3968","1759641"
"1759642","None","0.8780487775802612","32652","1362163","1759642","=","1200","nM","IC50","6","3968","Prostaglandin E synthase","CC(C)=CCCC(C(=O)O)C1CCC2(C)C3=C(CCC12C)C1(C)CCC(O)C(C)(C)C1CC3","O14684","3968","1759642"
"1759643","None","0.8780487775802612","326521","1362163","1759643","=","3000","nM","IC50","6","3968","Prostaglandin E synthase","CC(C)=CCCC(C(=O)O)C1CCC2(C)C3=CCC4C(C)(C)C(O)CCC4(C)C3CCC12C","O14684","3968","1759643"
"1759644","None","0.8571428656578064","326522","1362163","1759644","=","400","nM","IC50","6","3968","Prostaglandin E synthase","CC(=O)OC1CCC2(C)C3CCC4(C)C(C(CCC=C(C)C)C(=O)O)CCC4(C)C3=CCC2C1(C)C","O14684","3968","1759644"
"1759647","None","0.8292682766914368","326523","1362163","1759647","=","1000","nM","IC50","6","3968","Prostaglandin E synthase","CC(C)C1CCC2(C)C(C(=O)C=C3C4C(C)C(C)CCC4(C)CCC32C)C1(C)CCC(=O)O","O14684","3968","1759647"
"1780326","None","0.8999999761581421","328788","1451836","1780326","=","1500","nM","EC50","6","362","Niemann-Pick C1-like protein 1","CC(CCCC(C)(C)O)C1CCC2C3C(=O)C=C4CC(O)CCC4(C)C3CCC12C","Q9UHC9","362","1780326"
"1780327","None","0.875","328789","1451836","1780327","=","1900","nM","EC50","6","362","Niemann-Pick C1-like protein 1","CC(CCCC(C)(C)O)C1CCC2C3C(O)C=C4CC(O)CCC4(C)C3CCC12C","Q9UHC9","362","1780327"
"1780328","None","0.9473684430122375","32879","1451836","1780328","=","4000","nM","EC50","5","362","Niemann-Pick C1-like protein 1","CC(CCCC(C)(C)O)C1CCC2C3CCC4=CC(=O)CCC4(C)C3CCC12C","Q9UHC9","362","1780328"
"1795211","None","0.8095238208770752","337557","1443130","1795211","=","85","%","Inhibition","","1270","Tyrosine-protein phosphatase non-receptor type 1","CC=CC(=O)OC1CCC2(C)C(CCC3(C)C2CC=C2C4CC(C)(C)CCC4(C(=O)O)CCC23C)C1(C)C","P18031","1270","1795211"
"1795211","None","0.8095238208770752","337558","1443132","1795211","=","17800","nM","IC50","5","1270","Tyrosine-protein phosphatase non-receptor type 1","CC=CC(=O)OC1CCC2(C)C(CCC3(C)C2CC=C2C4CC(C)(C)CCC4(C(=O)O)CCC23C)C1(C)C","P18031","1270","1795211"
"1795213","None","0.8292682766914368","337564","1443130","1795213","=","85","%","Inhibition","","1270","Tyrosine-protein phosphatase non-receptor type 1","COC1CCC2(C)C(CCC3(C)C2CC=C2C4CC(C)(C)CCC4(C(=O)O)CCC23C)C1(C)C","P18031","1270","1795213"
"1795213","None","0.8292682766914368","337565","1443132","1795213","=","8600","nM","IC50","5","1270","Tyrosine-protein phosphatase non-receptor type 1","COC1CCC2(C)C(CCC3(C)C2CC=C2C4CC(C)(C)CCC4(C(=O)O)CCC23C)C1(C)C","P18031","1270","1795213"
"1795214","None","0.8139534592628479","337568","1443134","1795214","=","16400","nM","IC50","5","3218","Low molecular weight phosphotyrosine protein phosphatase","CCOC1CCC2(C)C(CCC3(C)C2CC=C2C4CC(C)(C)CCC4(C(=O)O)CCC23C)C1(C)C","P24666","3218","1795214"
"1795214","None","0.8139534592628479","337566","1443130","1795214","=","85","%","Inhibition","","1270","Tyrosine-protein phosphatase non-receptor type 1","CCOC1CCC2(C)C(CCC3(C)C2CC=C2C4CC(C)(C)CCC4(C(=O)O)CCC23C)C1(C)C","P18031","1270","1795214"
"1795214","None","0.8139534592628479","337567","1443132","1795214","=","5300","nM","IC50","5","1270","Tyrosine-protein phosphatase non-receptor type 1","CCOC1CCC2(C)C(CCC3(C)C2CC=C2C4CC(C)(C)CCC4(C(=O)O)CCC23C)C1(C)C","P18031","1270","1795214"
"1795215","None","0.8139534592628479","337569","1443130","1795215","=","85","%","Inhibition","","1270","Tyrosine-protein phosphatase non-receptor type 1","CCCOC1CCC2(C)C(CCC3(C)C2CC=C2C4CC(C)(C)CCC4(C(=O)O)CCC23C)C1(C)C","P18031","1270","1795215"
"1798269","None","0.8717948794364929","338434","50882","1798269","=","72","%","Inhibition","","301","Aromatase","CC12CCC(=O)C=C1CC(Cc1ccccc1)C1C2CCC2(C)C(O)CCC12","P11511","301","1798269"
"1820537","None","0.9210526347160339","341869","1445877","1820537","=","3800","nM","IC50","5","1270","Tyrosine-protein phosphatase non-receptor type 1","CC(=O)C(=CCC(C)C1CCC2C3CC=C4CC(O)CCC4(C)C3CCC12C)C(C)C","P18031","1270","1820537"
"1823486","None","0.8139534592628479","343658","1437990","1823486","=","2300","nM","IC50","6","2554","Corticosteroid 11-beta-dehydrogenase isozyme 1","C=C(CCC(C(=O)O)C1CCC2(C)C3CCC4C(C)(C)C(=O)CCC45CC35CCC12C)C(C)C","P28845","2554","1823486"
"1834286","None","0.8461538553237915","348963","1469291","1834286","=","250","nM","IC50","7","301","Aromatase","C=C1CC2C(CCC3(C)C(O)CCC23)C2(C)C=CC(=O)C=C12","P11511","301","1834286"
"1834286","None","0.8461538553237915","348964","1469290","1834286","=","98","%","Inhibition","","301","Aromatase","C=C1CC2C(CCC3(C)C(O)CCC23)C2(C)C=CC(=O)C=C12","P11511","301","1834286"
"1834286","None","0.8461538553237915","348965","1469289","1834286","=","100","nM","IC50","7","301","Aromatase","C=C1CC2C(CCC3(C)C(O)CCC23)C2(C)C=CC(=O)C=C12","P11511","301","1834286"
"1834286","None","0.8461538553237915","348966","1469288","1834286","=","98","%","Inhibition","","301","Aromatase","C=C1CC2C(CCC3(C)C(O)CCC23)C2(C)C=CC(=O)C=C12","P11511","301","1834286"
"1841858","None","0.800000011920929","353158","1474762","1841858","=","395","nM","IC50","6","2554","Corticosteroid 11-beta-dehydrogenase isozyme 1","CC1(C)C(O)CCC2(C)C1CCC1(C)C2CC(O)C2C=CC(=O)C21C","P28845","2554","1841858"
"1949414","None","0.8048780560493469","358659","1500865","1949414","=","230","nM","IC50","7","3139","Beta-secretase 1","CC12CCC3C(C)(C)C(=O)CCC3(C)C1CCC1C(=CC(=O)C3C(C)(C)C(O)CCC13C)C2","P56817","3139","1949414"
"1949414","None","0.8048780560493469","358658","1500860","1949414","=","10670","nM","IC50","5","357","Acetylcholinesterase","CC12CCC3C(C)(C)C(=O)CCC3(C)C1CCC1C(=CC(=O)C3C(C)(C)C(O)CCC13C)C2","P22303","357","1949414"
"1949418","None","0.824999988079071","358665","1500862","1949418","=","1370","nM","IC50","6","228","Cholinesterase","CC12CCC3C(C)(C)C(O)CCC3(C)C1CCC1C(=CCC3C(C)(C)C(O)CCC13C)C2","P06276","228","1949418"
"1970194","None","0.8604651093482971","371527","1525590","1970194","=","10140","nM","IC50","5","1504","Cocaine esterase","CC(CC(=O)C(O)C(C)(C)O)C1=C2C=CC3C4(C)CCC(=O)C(C)(C)C4CCC3(C)C2(C)CC1=O","O00748","1504","1970194"
"1970195","None","0.8181818127632141","371528","1525590","1970195","=","8680","nM","IC50","5","1504","Cocaine esterase","C=C(C)C(O)C(O)CC(C)C1=C2C=CC3C4(C)CCC(=O)C(C)(C)C4CCC3(C)C2(C)CC1=O","O00748","1504","1970195"
"1970200","None","0.8571428656578064","37153","1525590","1970200","=","17440","nM","IC50","5","1504","Cocaine esterase","C=C(C)C(O)C(O)CC(C)C1=C2CCC3C4(C)CCC(=O)C(C)(C)C4CCC3(C)C2(C)CC1","O00748","1504","1970200"
"1970202","None","0.9024389982223511","371531","1525590","1970202","=","4580","nM","IC50","5","1504","Cocaine esterase","CC(CCC(O)C(C)(C)O)C1CCC2(C)C1=CC=C1C3(C)CCC(=O)C(C)(C)C3CCC12C","O00748","1504","1970202"
"1970204","None","0.8409090638160706","371532","1525590","1970204","=","2020","nM","IC50","6","1504","Cocaine esterase","CC1=CC(=O)CC2(C)C1CCC1(C)C2C(O)CC2=C(C(C)CC(O)C(O)C(C)(C)O)CCC21C","O00748","1504","1970204"
"1970208","None","0.8409090638160706","371534","1525590","1970208","=","4630","nM","IC50","5","1504","Cocaine esterase","CC(CC(O)C(O)C(C)(C)O)C1=C2CCC3C4(C)CCC(=O)C(C)(C)C4CCC3(C)C2(C)CC1","O00748","1504","1970208"
"1970210","None","0.800000011920929","371535","1525590","1970210","=","17270","nM","IC50","5","1504","Cocaine esterase","CC1CC(C(O)C(C)(C)O)OC2CC3(C)C(=C12)C=CC1C2(C)CCC(=O)C(C)(C)C2CCC13C","O00748","1504","1970210"
"1970212","None","0.800000011920929","371536","1525590","1970212","=","10870","nM","IC50","5","1504","Cocaine esterase","C=C(C)C(O)C1CC(C)C2=C3CC(O)C4C5(C)CCC(=O)C(C)(C)C5CCC4(C)C3(C)CC2O1","O00748","1504","1970212"